Port;RightPort
Busan, South Korea;Busan, South Korea
Port of Long Beach, Long Beach, California;Port of Long Beach, Long Beach, California
Long Beach (US);Port of Long Beach, Long Beach, California
New York/Newark Area, Newark, New Jersey;New York, New York
Jacksonville, Florida;Jacksonville, Florida
The Port of Charleston, Charleston, South Carolina;The Port of Charleston, Charleston, South Carolina
Georgia Ports Authority, Savannah, Georgia;Georgia Ports Authority, Savannah, Georgia
Port Of Entry-Miami Seaport, Miami, Florida;Port Of Entry-Miami Seaport, Miami, Florida
Port of Vancouver USA, Vancouver, Washington;Port of Vancouver USA, Vancouver, Washington
Port Of Boston, Boston, Massachusetts;Port Of Boston, Boston, Massachusetts
Port of Tacoma, Tacoma, Washington;Port of Tacoma, Tacoma, Washington
Service Port-Honolulu, Honolulu, Hawaii;Service Port-Honolulu, Honolulu, Hawaii
Port of Everett, Everett, Washington;Port of Everett, Everett, Washington
Port of New Orleans, New Orleans, Louisiana;Port of New Orleans, New Orleans, Louisiana
Detroit/Wayne County Port Authority, Detroit, Michigan;Detroit/Wayne County Port Authority, Detroit, Michigan
San Juan, San Juan, Puerto Rico;San Juan, San Juan, Puerto Rico
Service Port-Atlanta, Atlanta, Georgia;Service Port-Atlanta, Atlanta, Georgia
Tampa, Florida;Tampa, Florida
Tampa (US);Tampa, Florida
Philadelphia Regional Port Authority, Philadelphia, Pennsylvania;Philadelphia, Pennsylvania
Philadelphia (US);Philadelphia, Pennsylvania
Freeport, Freeport, Texas;Freeport, Freeport, Texas
Port of San Diego, San Diego, California;Port of San Diego, San Diego, California
Illinois International Port District, Chicago, Illinois;Illinois International Port District, Chicago, Illinois
Port of Virginia, Norfolk, Virginia;Port of Virginia, Norfolk, Virginia
Port of Seattle, Seattle, Washington;Port of Seattle, Seattle, Washington
Wilmington, Wilmington, North Carolina;Wilmington, Wilmington, North Carolina
Baltimore, Maryland;Baltimore, Maryland
New York, New York;New York, New York
Alabama State Port Authority, Mobile, Alabama;Alabama State Port Authority, Mobile, Alabama
The Port of Los Angeles, Los Angeles, California;The Port of Los Angeles, Los Angeles, California
Port of Oakland, Oakland, California;Port of Oakland, Oakland, California
Houston, Houston, Texas;Houston, Houston, Texas
Port Hueneme, California;Port Hueneme, California
Anchorage, Alaska;Anchorage, Alaska
The International Port of Memphis, Memphis, Tennessee;The International Port of Memphis, Memphis, Tennessee
Port Of Entry-Port Everglades/Fort Lauderdale, Port Everglades, Florida;Port Of Entry-Port Everglades/Fort Lauderdale, Port Everglades, Florida
Port Of Entry-Chattanooga, Chattanooga, Tennessee;Port Of Entry-Chattanooga, Chattanooga, Tennessee
Port Of Cleveland, Cleveland, Ohio;Port Of Cleveland, Cleveland, Ohio
Port of Brunswick, Brunswick, Georgia;Port of Brunswick, Brunswick, Georgia
DHL Courier, Cincinnati, Ohio;DHL Courier, Cincinnati, Ohio
Port Of Entry-Kodiak, Kodiak, Alaska;Port Of Entry-Kodiak, Kodiak, Alaska
Laredo, Texas;Laredo, Texas
Port of Kalama, Kalama, Washington;Port of Kalama, Kalama, Washington
International Falls/Rainer, Minnesota;International Falls/Rainer, Minnesota
Carquinez Strait, California;Carquinez Strait, California
Port of Stockton, Stockton, California;Port of Stockton, Stockton, California
Port of Bellingham, Bellingham, Washington;Port of Bellingham, Bellingham, Washington
Albuquerque International Sunport, Albuquerque, New Mexico;Albuquerque International Sunport, Albuquerque, New Mexico
Service Port-San Francisco, San Francisco, California;Service Port-San Francisco, San Francisco, California
UPS, Newark, New Jersey;New York, New York
Service Port-Charlotte, Charlotte, North Carolina;Service Port-Charlotte, Charlotte, North Carolina
Port of Beaumont, Beaumont, Texas;Port of Beaumont, Beaumont, Texas
Port Of Entry-Louisville, Louisville, Kentucky;Port Of Entry-Louisville, Louisville, Kentucky
South Jersey Port Corporation, Camden, New Jersey;South Jersey Port Corporation, Camden, New Jersey
Nighthawk, Washington;Nighthawk, Washington
Kwangyang, South Korea;Kwangyang, South Korea
Gwangyang (KR);Kwangyang, South Korea
Shanghai, China;Shanghai, China
Ningbo, China;Ningbo, China
Tsingtao, China;Tsingtao, China
Dagu/Tanggu, China;Dagu/Tanggu, China
Naples, Italy;Naples, Italy
Livorno, Italy;Livorno, Italy
Valencia, Spain;Valencia, Spain
Genoa, Italy;Genoa, Italy
Hong Kong, Hong Kong;Hong Kong, Hong Kong
Yantian, China;Yantian, China
Dairen, China;Dairen, China
Rotterdam, Netherlands;Rotterdam, Netherlands
Southhampton, United Kingdom;Southhampton, United Kingdom
Sao Paulo, Brazil;Sao Paulo, Brazil
La Spezia, Italy;La Spezia, Italy
Lianyungang, China;Lianyungang, China
Navegantes, Brazil;Navegantes, Brazil
Le Havre, France;Le Havre, France
Rio De Janeiro, Brazil;Rio De Janeiro, Brazil
Izmir, Turkey;Izmir, Turkey
Victoria, Brazil;Victoria, Brazil
Porto De Sines, Portugal;Porto De Sines, Portugal
Cristobal, Panama;Cristobal, Panama
Lido, Italy;Lido, Italy
Gioia Tauro, Italy;Gioia Tauro, Italy
Civitavecchia, Italy;Civitavecchia, Italy
Algeciras, Spain;Algeciras, Spain
Barao De Teffe, Brazil;Barao De Teffe, Brazil
Haifa, Israel;Haifa, Israel
Hai Phong, Vietnam;Hai Phong, Vietnam
Xiamen, China;Xiamen, China
Zhongshan, China;Zhongshan, China
Chefoo, China;Chefoo, China
Barcelona, Spain;Barcelona, Spain
Manzanillo, Mexico;Manzanillo, Mexico
Fos, France;Fos, France
Puerto Quetzal, Guatemala;Puerto Quetzal, Guatemala
Cartagena, Colombia;Cartagena, Colombia
Cagliari, Italy;Cagliari, Italy
Kaohsiung, Taiwan;Kaohsiung, Taiwan
Kowloon, Hong Kong;Kowloon, Hong Kong
Vung Tau, Vietnam;Vung Tau, Vietnam
Ho Chi Minh City, Vietnam;Ho Chi Minh City, Vietnam
Jawaharlal Nehru, India;Jawaharlal Nehru, India
Colombo, Sri Lanka;Colombo, Sri Lanka
Tianjin, China;Tianjin, China
Acajutla, El Salvador;Acajutla, El Salvador
Nantong, China;Nantong, China
Yang Shan, China;Yang Shan, China
Soerabaja, Indonesia;Soerabaja, Indonesia
Rio Grande, Brazil;Rio Grande, Brazil
Bremerhaven, Germany;Bremerhaven, Germany
Beirut, Lebanon;Beirut, Lebanon
Guayaquil, Ecuador;Guayaquil, Ecuador
Bari, Italy;Bari, Italy
Leningrad, Russia;Leningrad, Russia
Manzanillo, Panama;Manzanillo, Panama
Melbourne, Australia;Melbourne, Australia
Ras At Tannurah, Saudi Arabia;Ras At Tannurah, Saudi Arabia
Yokohama, Japan;Yokohama, Japan
Hitachi, Japan;Hitachi, Japan
Nagoya, Japan;Nagoya, Japan
Nagoya, Aichi (JP);Nagoya, Japan
Masan, South Korea;Masan, South Korea
Kobe, Japan;Kobe, Japan
Salvador, Brazil;Salvador, Brazil
Manila, Philippines;Manila, Philippines
Wuhan, China;Wuhan, China
Singapore, Singapore;Singapore, Singapore
Paita, Peru;Paita, Peru
Cebu, Philippines;Cebu, Philippines
Shimizu, Japan;Shimizu, Japan
Sydney, Australia;Sydney, Australia
Taoranga, New Zealand;Taoranga, New Zealand
Antwerp, Belgium;Antwerp, Belgium
San Antonio, Chile;San Antonio, Chile
New Tuticorin, India;New Tuticorin, India
Salerno, Italy;Salerno, Italy
Fredericia, Denmark;Fredericia, Denmark
Chennai, India;Chennai, India
Corinto, Nicaragua;Corinto, Nicaragua
Tokyo, Japan;Tokyo, Japan
Hamburg, Germany;Hamburg, Germany
Hamburg (DE);Hamburg, Germany
Esmeraldas, Ecuador;Esmeraldas, Ecuador
Zhuhai, China;Zhuhai, China
Salonika, Greece;Salonika, Greece
Inchon, South Korea;Inchon, South Korea
Mundra, India;Mundra, India
Nansha, China;Nansha, China
Huangpu, China;Huangpu, China
Johore, Malaysia;Johore, Malaysia
Belawan, Indonesia;Belawan, Indonesia
Belawan, Sumatra (ID);Belawan, Indonesia
Adelaide, Australia;Adelaide, Australia
Brisbane, Australia;Brisbane, Australia
Pecem, Brazil;Pecem, Brazil
Pecém Pt/São Gonçalo do Amarante (BR);Pecem, Brazil
Vancouver, BC, Canada;Vancouver, BC, Canada
Olongapo, Philippines;Olongapo, Philippines
Laem Chabang, Thailand;Laem Chabang, Thailand
Bangkok, Thailand;Bangkok, Thailand
Kajang, Malaysia;Kajang, Malaysia
Da Nang, Vietnam;Da Nang, Vietnam
Cochin, India;Cochin, India
Buenaventura, Colombia;Buenaventura, Colombia
Lazaro Cardenas, Mexico;Lazaro Cardenas, Mexico
Balboa, Panama;Balboa, Panama
Penang, Malaysia;Penang, Malaysia
Djakarta, Indonesia;Djakarta, Indonesia
Bur Said, Egypt;Bur Said, Egypt
Semarang, Indonesia;Semarang, Indonesia
Gamagori, Japan;Gamagori, Japan
Osaka, Japan;Osaka, Japan
Kopar, Slovenia;Kopar, Slovenia
Chittagong, Bangladesh;Chittagong, Bangladesh
Fiume, Croatia;Fiume, Croatia
Casablanca, Morocco;Casablanca, Morocco
Callao, Peru;Callao, Peru
Panjang, Indonesia;Panjang, Indonesia
Pandjang, Indonesia;Panjang, Indonesia
Tanjung Pelepas, Malaysia;Tanjung Pelepas, Malaysia
Auckland, New Zealand;Auckland, New Zealand
London, United Kingdom;London, United Kingdom
Guangzhou, China;Guangzhou, China
Apia, Samoa (Independent);Apia, Samoa (Independent)
Pago Pago Harbor, American Samoa;Pago Pago Harbor, American Samoa
Okinawa Island, Japan;Okinawa Island, Japan
Guam Island, Guam;Guam Island, Guam
San T Ou, China;San T Ou, China
Ashdod, Israel;Ashdod, Israel
Gdynia, Poland;Gdynia, Poland
Sendai, Japan;Sendai, Japan
Freeport, Grand Bahama I, Bahamas;Freeport, Grand Bahama I, Bahamas
Dublin, Ireland;Dublin, Ireland
Bilbao, Spain;Bilbao, Spain
Barcarena, Brazil;Barcarena, Brazil
Palermo, Italy;Palermo, Italy
Shellhaven, United Kingdom;Shellhaven, United Kingdom
Felixstowe, United Kingdom;Felixstowe, United Kingdom
Papeete, Tahiti, French Polynesia;Papeete, Tahiti, French Polynesia
Haina, Dominican Republic;Haina, Dominican Republic
Zeebrugge, Belgium;Zeebrugge, Belgium
La Pampilla, Peru;La Pampilla, Peru
Bei Jao, China;Bei Jao, China
Tamsui, Taiwan;Tamsui, Taiwan
Salina Cruz, Mexico;Salina Cruz, Mexico
Military Port Kelang, Malaysia;Military Port Kelang, Malaysia
Visakhapatnam, India;Visakhapatnam, India
Pulau Sebarok, Singapore;Pulau Sebarok, Singapore
Shekou, China;Shekou, China
Alexandria, Egypt;Alexandria, Egypt
Fuzhou, China;Fuzhou, China
Lisbon, Portugal;Lisbon, Portugal
Adana, Turkey;Adana, Turkey
Izmit, Turkey;Izmit, Turkey
Gemlik, Turkey;Gemlik, Turkey
Tan Cang, Vietnam;Tan Cang, Vietnam
San Marcos Island, Mexico;San Marcos Island, Mexico
Montreal, Que, Canada;Montreal, Que, Canada
Kristiansand N, Norway;Kristiansand N, Norway
East London, South Africa;East London, South Africa
Davao, Philippines;Davao, Philippines
Caldera, Costa Rica;Caldera, Costa Rica
Nanjing, China;Nanjing, China
Rangoon, Myanmar;Rangoon, Myanmar
Piraeus, Greece;Piraeus, Greece
Pyongtaek, South Korea;Pyongtaek, South Korea
Nelson, New Zealand;Nelson, New Zealand
Al Juaymah, Saudi Arabia;Al Juaymah, Saudi Arabia
Westernport, Australia;Westernport, Australia
Port Kembla, Australia;Port Kembla, Australia
Da Chan Bay, China;Da Chan Bay, China
Armuelles, Panama;Armuelles, Panama
Durban, South Africa;Durban, South Africa
Pipavav, India;Pipavav, India
Lyttelton, New Zealand;Lyttelton, New Zealand
Istanbul, Turkey;Istanbul, Turkey
Liverpool, United Kingdom;Liverpool, United Kingdom
Liverpool (GB);Liverpool, United Kingdom
Arica, Chile;Arica, Chile
Riga, Latvia;Riga, Latvia
Port Muhammad Bin Qasim, Pakistan;Port Muhammad Bin Qasim, Pakistan
Panama Canal Caribbean, Panama;Panama Canal Caribbean, Panama
Mazatlan, Mexico;Mazatlan, Mexico
Shimonoseki, Japan;Shimonoseki, Japan
Kita Kyushu, Japan;Kita Kyushu, Japan
Jiangyin, China;Jiangyin, China
Fuqing, China;Fuqing, China
Acapulco, Mexico;Acapulco, Mexico
Zhanjiang, China;Zhanjiang, China
Bei Hai, China;Bei Hai, China
Montevideo, Uruguay;Montevideo, Uruguay
Keelung, Taiwan;Keelung, Taiwan
Jebel Ali, United Arab Emirates;Jebel Ali, United Arab Emirates
Taichung, Taiwan;Taichung, Taiwan
Al Basrah, Iraq;Al Basrah, Iraq
Tallinn, Estonia;Tallinn, Estonia
Buenos Aires, Argentina;Buenos Aires, Argentina
Leixoes, Portugal;Leixoes, Portugal
Leixões (PT);Leixoes, Portugal
Vigo, Spain;Vigo, Spain
Gebze, Turkey;Gebze, Turkey
Prince Rupert, Bc, Canada;Prince Rupert, Bc, Canada
Catania, Italy;Catania, Italy
Karachi, Pakistan;Karachi, Pakistan
Covenas, Colombia;Covenas, Colombia
Progreso, Mexico;Progreso, Mexico
Constanta, Romania;Constanta, Romania
Antofagasta, Chile;Antofagasta, Chile
Calcutta, India;Calcutta, India
Chen Huang Tao, China;Chen Huang Tao, China
Varna, Bulgaria;Varna, Bulgaria
Damietta, Egypt;Damietta, Egypt
Dumyat (Damietta) (EG);Damietta, Egypt
Panama Canal  Pacific, Panama;Panama Canal  Pacific, Panama
Djibouti, Djibouti;Djibouti, Djibouti
Robert's Bank, Bc, Canada;Robert's Bank, Bc, Canada
Ancona, Italy;Ancona, Italy
Kingston, Jamaica;Kingston, Jamaica
San Vicente, Chile;San Vicente, Chile
Gunsan, South Korea;Gunsan, South Korea
Al Kuwayt, Kuwait;Al Kuwayt, Kuwait
Copenhagen, Denmark;Copenhagen, Denmark
Hakata, Japan;Hakata, Japan
Hakata/Fukuoka (JP);Hakata, Japan
Alert Bay, Bc, Canada;Alert Bay, Bc, Canada
Nassau, New Providence I, Bahamas;Nassau, New Providence I, Bahamas
Al Fuhayhil, Kuwait;Al Fuhayhil, Kuwait
Fremantle, Australia;Fremantle, Australia
Guaymas, Mexico;Guaymas, Mexico
Kashima, Japan;Kashima, Japan
Yingkou, China;Yingkou, China
Mina Raysut, Oman;Mina Raysut, Oman
Cape Town, South Africa;Cape Town, South Africa
Halsingborg, Sweden;Halsingborg, Sweden
Alexandretta, Turkey;Alexandretta, Turkey
Yokkaiti, Japan;Yokkaiti, Japan
Taipei, Taiwan;Taipei, Taiwan
Napier, New Zealand;Napier, New Zealand
Aarhus, Denmark;Aarhus, Denmark
Lirquen, Chile;Lirquen, Chile
Mogi, Japan;Mogi, Japan
Songkhla, Thailand;Songkhla, Thailand
Port Chalmers, New Zealand;Port Chalmers, New Zealand
Liverpool, Ns, Canada;Liverpool, Ns, Canada
Aliaga, Turkey;Aliaga, Turkey
Trieste, Italy;Trieste, Italy
Victoria, Pei, Canada;Victoria, Pei, Canada
Cerros Island, Mexico;Cerros Island, Mexico
Altamira, Mexico;Altamira, Mexico
Adalia, Turkey;Adalia, Turkey
Kasim, Indonesia;Kasim, Indonesia
Ad Dammam, Saudi Arabia;Ad Dammam, Saudi Arabia
Cartagena, Spain;Cartagena, Spain
Caucedo, Dominican Republic;Caucedo, Dominican Republic
Military Yokohama, Japan;Military Yokohama, Japan
Las Salinas, Chile;Las Salinas, Chile
Caleta Cordova, Argentina;Caleta Cordova, Argentina
Military Quingdao, China;Military Quingdao, China
Santa Rosalia, Mexico;Santa Rosalia, Mexico
Aioi, Japan;Aioi, Japan
Monfalcone, Italy;Monfalcone, Italy
Port Itapoa, Brazil;Port Itapoa, Brazil
Larvik, Norway;Larvik, Norway
Puerto Cortes, Honduras;Puerto Cortes, Honduras
Port Elizabeth, South Africa;Port Elizabeth, South Africa
Beilun, China;Beilun, China
Norrkoping, Sweden;Norrkoping, Sweden
Bahia De Moin, Costa Rica;Bahia De Moin, Costa Rica
Mumbai, India;Mumbai, India
Mumbai (ex Bombay) (IN);Mumbai, India
Comodoro Rivadavia, Argentina;Comodoro Rivadavia, Argentina
Warri, Nigeria;Warri, Nigeria
Buayan, Philippines;Buayan, Philippines
San Nicolas, Peru;San Nicolas, Peru
Aberdeen, United Kingdom;Aberdeen, United Kingdom
Point Tupper, Cbi, Canada;Point Tupper, Cbi, Canada
Santa Panagia, Italy;Santa Panagia, Italy
Angra Dos Reis, Brazil;Angra Dos Reis, Brazil
Samil, South Korea;Samil, South Korea
Ensenada, Mexico;Ensenada, Mexico
Setubal, Portugal;Setubal, Portugal
Punta Arenas, Chile;Punta Arenas, Chile
Kwa Ibo Terminal, Nigeria;Kwa Ibo Terminal, Nigeria
Onsan, South Korea;Onsan, South Korea
Sint Eustatius, Netherlands Antilles;Sint Eustatius, Netherlands Antilles
Sint Eustatius (BQ);Sint Eustatius, Netherlands Antilles
Mangalore, India;Mangalore, India
Cobh, Ireland;Cobh, Ireland
Esbjerg, Denmark;Esbjerg, Denmark
Moerdjik, Netherlands;Moerdjik, Netherlands
Manchester, United Kingdom;Manchester, United Kingdom
Wilhelmshaven, Germany;Wilhelmshaven, Germany
Kitimat, Bc, Canada;Kitimat, Bc, Canada
Sakai, Japan;Sakai, Japan
Hobart, Australia;Hobart, Australia
Bourgas, Bulgaria;Bourgas, Bulgaria
Forcados, Nigeria;Forcados, Nigeria
Rosarito, Mexico;Rosarito, Mexico
Antan Terminal, Nigeria;Antan Terminal, Nigeria
Sombrero Island, Anguilla;Sombrero Island, Anguilla
Cul De Sac, Saint Lucia;Cul De Sac, Saint Lucia
Zhenjiang, China;Zhenjiang, China
Asuncion, Paraguay;Asuncion, Paraguay
Naoetsu, Japan;Naoetsu, Japan
Balao, Ecuador;Balao, Ecuador
Port Au Prince, Haiti;Port Au Prince, Haiti
Higashi Harima, Japan;Higashi Harima, Japan
Barranquilla, Colombia;Barranquilla, Colombia
Fujairah, United Arab Emirates;Fujairah, United Arab Emirates
Al Fujayrah (AE);Fujairah, United Arab Emirates
General San Martin, Peru;General San Martin, Peru
Suape, Brazil;Suape, Brazil
Manzanillo, Dominican Republic;Manzanillo, Dominican Republic
Kimitsu, Japan;Kimitsu, Japan
Danzig, Poland;Danzig, Poland
Dadiangas, Philippines;Dadiangas, Philippines
Christmas Island, Kiribati;Christmas Island, Kiribati
Amsterdam, Netherlands;Amsterdam, Netherlands
Abu Zabi, United Arab Emirates;Abu Zabi, United Arab Emirates
Bedi, India;Bedi, India
Pulau Sambu, Indonesia;Pulau Sambu, Indonesia
Malaga, Spain;Malaga, Spain
Marina Di Carrara, Italy;Marina Di Carrara, Italy
Belfast, United Kingdom;Belfast, United Kingdom
Wellington, New Zealand;Wellington, New Zealand
Bluff Harbor, New Zealand;Bluff Harbor, New Zealand
Sydney, Ns, Canada;Sydney, Ns, Canada
Bonny, Nigeria;Bonny, Nigeria
Bonny (NG);Bonny, Nigeria
Military Tainjin, China;Military Tainjin, China
Niigata, Japan;Niigata, Japan
Villa Constitucion, Argentina;Villa Constitucion, Argentina
Oita, Japan;Oita, Japan
Point Lisas, Trinidad and Tobago;Point Lisas, Trinidad and Tobago
Point Lisas (TT);Point Lisas, Trinidad and Tobago
Tamatave, Madagascar;Tamatave, Madagascar
Vanino, Russia;Vanino, Russia
Suva, Fiji;Suva, Fiji
Nakhodka, Russia;Nakhodka, Russia
Rauma, Finland;Rauma, Finland
Raumo (Rauma) (FI);Rauma, Finland
Daesan, South Korea;Daesan, South Korea
Kawasaki, Japan;Kawasaki, Japan
Vassiliko, Cyprus;Vassiliko, Cyprus
Mizushima, Japan;Mizushima, Japan
Tunis, Tunisia;Tunis, Tunisia
Chiwan, China;Chiwan, China
Campana, Argentina;Campana, Argentina
The Port of Brownsville, Brownsville, Texas;The Port of Brownsville, Brownsville, Texas
Port of Portland, Portland, Oregon;Port of Portland, Portland, Oregon
Port Of Longview, Longview, Washington;Port Of Longview, Longview, Washington
Port Of Entry-Santa Teresa, Santa Teresa, New Mexico;Port Of Entry-Santa Teresa, Santa Teresa, New Mexico
EPPLEY AIRFIELD, Omaha, Nebraska;EPPLEY AIRFIELD, Omaha, Nebraska
Aberdeen, Washington;Aberdeen, Washington
Port of Greater Cincinnati Development Authority, Cincinnati, Ohio;Port of Greater Cincinnati Development Authority, Cincinnati, Ohio
El Paso, Texas;El Paso, Texas
Port of Lake Charles, Lake Charles, Louisiana;Port of Lake Charles, Lake Charles, Louisiana
Port of Pascagoula, Pascagoula, Mississippi;Port of Pascagoula, Pascagoula, Mississippi
Corpus Christi, Corpus Christi, Texas;Corpus Christi, Corpus Christi, Texas
Corpus Christi (US);Corpus Christi, Corpus Christi, Texas
Port Arthur, Texas;Port Arthur, Texas
Salt Lake City, Utah;Salt Lake City, Utah
Newport, Rhode Island;Newport, Rhode Island
Port of Galveston, Galveston, Texas;Port of Galveston, Galveston, Texas
ProvPort, Providence, Rhode Island;ProvPort, Providence, Rhode Island
Port Manatee, Florida;Port Manatee, Florida
Federal Express Hub, Indianapolis, Indiana;Federal Express Hub, Indianapolis, Indiana
Port of Wilmington, Wilmington, Delaware;Port of Wilmington, Wilmington, Delaware
Port Panama City, Panama City, Florida;Port Panama City, Panama City, Florida
Service Port-Denver, Denver, Colorado;Service Port-Denver, Denver, Colorado
Port of New Haven, New Haven, Connecticut;Port of New Haven, New Haven, Connecticut
Port of Gramercy, Gramercy, Louisiana;Port of Gramercy, Gramercy, Louisiana
Gramercy (US);Port of Gramercy, Gramercy, Louisiana
Service Port-St. Louis, St. Louis, Missouri;Service Port-St. Louis, St. Louis, Missouri
Port of Portland, Portland, Maine;Port of Portland, Portland, Maine
Annapolis, Maryland;Annapolis, Maryland
Port of Chester, Chester, Pennsylvania;Port of Chester, Chester, Pennsylvania
Adabiya, Egypt;Adabiya, Egypt
Goteborg, Sweden;Goteborg, Sweden
Halifax, Ns, Canada;Halifax, Ns, Canada
Saint John, Nb, Canada;Saint John, Nb, Canada
Timaru, New Zealand;Timaru, New Zealand
Bremen, Germany;Bremen, Germany
Haldia, India;Haldia, India
Sao Francisco Do Sul, Brazil;Sao Francisco Do Sul, Brazil
Stettin, Poland;Stettin, Poland
Ceara, Brazil;Ceara, Brazil
Helsingfors, Finland;Helsingfors, Finland
Jeddeh, Saudi Arabia;Jeddeh, Saudi Arabia
Dubai, United Arab Emirates;Dubai, United Arab Emirates
Itajai, Brazil;Itajai, Brazil
Juzhny, Ukraine;Juzhny, Ukraine
Praia Mole, Brazil;Praia Mole, Brazil
Grangemouth, United Kingdom;Grangemouth, United Kingdom
Montoir, France;Montoir, France
Limon, Costa Rica;Limon, Costa Rica
Stockholm, Sweden;Stockholm, Sweden
Jose, Venezuela;Jose, Venezuela
Jose Terminal (VE);Jose, Venezuela
Aratu, Brazil;Aratu, Brazil
Tanger, Morocco;Tanger, Morocco
Come By Chance, Nfld, Canada;Come By Chance, Nfld, Canada
Noumea, New Caledonia;Noumea, New Caledonia
Londonderry, United Kingdom;Londonderry, United Kingdom
Borg Hbr., Norway;Borg Hbr., Norway
Escravos, Nigeria;Escravos, Nigeria
Sao Sebastio, Brazil;Sao Sebastio, Brazil
Bordeaux, France;Bordeaux, France
Maaloy, Norway;Maaloy, Norway
Kristiansand S, Norway;Kristiansand S, Norway
Emden, Germany;Emden, Germany
Bebington, United Kingdom;Bebington, United Kingdom
Itaqui, Brazil;Itaqui, Brazil
Gafle, Sweden;Gafle, Sweden
Tilbury, United Kingdom;Tilbury, United Kingdom
Tilbury (GB);Tilbury, United Kingdom
Harburg, Germany;Hamburg, Germany
Dhuba, Saudi Arabia;Dhuba, Saudi Arabia
Ash Shuaiba, Kuwait;Ash Shuaiba, Kuwait
Shuaiba (KW);Ash Shuaiba, Kuwait
Puerto Matias De Galves, Guatemala;Puerto Matias De Galves, Guatemala
La Pallice, France;La Pallice, France
Al Aqabah, Jordan;Al Aqabah, Jordan
Asnaes, Denmark;Asnaes, Denmark
Quebec, Que, Canada;Quebec, Que, Canada
Kandla, India;Kandla, India
Falmouth, United Kingdom;Falmouth, United Kingdom
Aalesund, Norway;Aalesund, Norway
Hiroshima, Japan;Hiroshima, Japan
Glasgow, United Kingdom;Glasgow, United Kingdom
San Ciprian, Spain;San Ciprian, Spain
Pembroke, United Kingdom;Pembroke, United Kingdom
Mamonal, Colombia;Mamonal, Colombia
Klaipeda, Lithuania;Klaipeda, Lithuania
Auld's Cove, Ns, Canada;Auld's Cove, Ns, Canada
Rostock, Germany;Rostock, Germany
Rostock (DE);Rostock, Germany
Mombasa, Kenya;Mombasa, Kenya
Al Jubail, Saudi Arabia;Al Jubail, Saudi Arabia
Jubail (SA);Al Jubail, Saudi Arabia
Madryn, Argentina;Madryn, Argentina
Saint Nazaire, France;Saint Nazaire, France
Porto Empedocle, Italy;Porto Empedocle, Italy
Arzew, Algeria;Arzew, Algeria
Arzew (DZ);Arzew, Algeria
Uddevalla, Sweden;Uddevalla, Sweden
Kotka, Finland;Kotka, Finland
Kotka (FI);Kotka, Finland
Dumai, Indonesia;Dumai, Indonesia
Dumai, Sumatra (ID);Dumai, Indonesia
Military Mannheim, Germany;Military Mannheim, Germany
Veracruz, Mexico;Veracruz, Mexico
Bogen, Norway;Bogen, Norway
Thamesport, United Kingdom;Thamesport, United Kingdom
Imbituba, Brazil;Imbituba, Brazil
Alger, Algeria;Alger, Algeria
Marsa Al Brega, Libya;Marsa Al Brega, Libya
Puerto Barrios, Guatemala;Puerto Barrios, Guatemala
Beira, Mozambique;Beira, Mozambique
Aalborg, Denmark;Aalborg, Denmark
Puerto Cabello, Venezuela;Puerto Cabello, Venezuela
Oslo, Norway;Oslo, Norway
Pontianak, Indonesia;Pontianak, Indonesia
Manaus, Brazil;Manaus, Brazil
Fredrikshamn, Finland;Fredrikshamn, Finland
Gijon, Spain;Gijon, Spain
Alicante, Spain;Alicante, Spain
Legaspi, Philippines;Legaspi, Philippines
Poti, Georgia;Poti, Georgia
Augusta, Italy;Augusta, Italy
Aomori, Japan;Aomori, Japan
Kingston, Ont, Canada;Kingston, Ont, Canada
Mongstad, Norway;Mongstad, Norway
Isdemir, Turkey;Isdemir, Turkey
Guantanamo Bay, Cuba;Guantanamo Bay, Cuba
Port of Texas City, Texas City, Texas;Port of Texas City, Texas City, Texas
Texas City (US);Port of Texas City, Texas City, Texas
Haikou, China;Haikou, China
Kanda, Japan;Kanda, Japan
Huelva, Spain;Huelva, Spain
Fawley, United Kingdom;Fawley, United Kingdom
Fawley (GB);Fawley, United Kingdom
Ahus, Sweden;Ahus, Sweden
Fort De France, Martinique;Fort De France, Martinique
Fort-de-France (MQ);Fort De France, Martinique
Oporto, Portugal;Oporto, Portugal
Coco Cay, Bahamas;Coco Cay, Bahamas
Port Of Spain, Trinidad and Tobago;Port Of Spain, Trinidad and Tobago
Elefsis, Greece;Elefsis, Greece
Bridgetown, Barbados;Bridgetown, Barbados
Port Jerome, France;Port Jerome, France
Dunkerque, France;Dunkerque, France
Welshpool, Nb, Canada;Welshpool, Nb, Canada
Hamilton, Bermuda;Hamilton, Bermuda
Novorossiysk, Russia;Novorossiysk, Russia
Whiffen Head, Nfld, Canada;Whiffen Head, Nfld, Canada
Sorel, Que, Canada;Sorel, Que, Canada
Soyo Oil Terminal, Angola;Soyo Oil Terminal, Angola
Soyo (AO);Soyo Oil Terminal, Angola
Richard's Bay, South Africa;Richard's Bay, South Africa
Amuay Bay, Venezuela;Amuay Bay, Venezuela
Savona, Italy;Savona, Italy
Brest, France;Brest, France
Nha Trang, Vietnam;Nha Trang, Vietnam
Talara, Peru;Talara, Peru
Agadir, Morocco;Agadir, Morocco
Caleta Patillos, Chile;Caleta Patillos, Chile
Port Louis, Mauritius;Port Louis, Mauritius
Basseterre, St. Kitts, Saint Kitts and Nevis;Basseterre, St. Kitts, Saint Kitts and Nevis
Castries, Saint Lucia;Castries, Saint Lucia
Teluk Bayur, Indonesia;Teluk Bayur, Indonesia
As Sidr, Libya;As Sidr, Libya
Marsaxlokk, Malta;Marsaxlokk, Malta
Skikda, Algeria;Skikda, Algeria
Skikda (ex Philippeville) (DZ);Skikda, Algeria
Mar Del Plata, Argentina;Mar Del Plata, Argentina
Sluiskil, Netherlands;Sluiskil, Netherlands
Sluiskil (NL);Sluiskil, Netherlands
Skoldvik, Finland;Skoldvik, Finland
Derince, Turkey;Derince, Turkey
Sete, France;Sete, France
Banjarmasin, Indonesia;Banjarmasin, Indonesia
Sandakan, Malaysia;Sandakan, Malaysia
Dongguan, China;Dongguan, China
Puerto Drummond, Colombia;Puerto Drummond, Colombia
North Sydney, Ns, Canada;North Sydney, Ns, Canada
Ventspils, Latvia;Ventspils, Latvia
Christchurch, New Zealand;Christchurch, New Zealand
Tracy, Que, Canada;Tracy, Que, Canada
Victoria, Malaysia;Victoria, Malaysia
Sfax, Tunisia;Sfax, Tunisia
Pointe Des Galets, Reunion;Pointe Des Galets, Reunion
Macao, Macau;Macao, Macau
El Palito, Venezuela;El Palito, Venezuela
Safaga, Egypt;Safaga, Egypt
Saint Jean, Que, Canada;Saint Jean, Que, Canada
Galisbay, Netherlands Antilles;Galisbay, Netherlands Antilles
Butterworth, Malaysia;Butterworth, Malaysia
Khor Al Zubair, Iraq;Khor Al Zubair, Iraq
Braefoot Bay, United Kingdom;Braefoot Bay, United Kingdom
Kuala Selangor, Malaysia;Kuala Selangor, Malaysia
Aigion, Greece;Aigion, Greece
Bullen Baai, Netherlands Antilles;Bullen Baai, Netherlands Antilles
Sarroch Oil Terminal, Italy;Sarroch Oil Terminal, Italy
Inga, Finland;Inga, Finland
Saint John's, Nfld, Canada;Saint John's, Nfld, Canada
Mollendo, Peru;Mollendo, Peru
Amagasaki, Japan;Amagasaki, Japan
Tel Aviv Yafo, Israel;Tel Aviv Yafo, Israel
Halmstad, Sweden;Halmstad, Sweden
Marseille, France;Marseille, France
Kuantan, Malaysia;Kuantan, Malaysia
Kuantan (Tanjong Gelang) (MY);Kuantan, Malaysia
Stavanger, Norway;Stavanger, Norway
Zamboanga, Philippines;Zamboanga, Philippines
Bintulu, Malaysia;Bintulu, Malaysia
Bintulu, Sarawak (MY);Bintulu, Malaysia
Puerto Colombia, Colombia;Puerto Colombia, Colombia
El Ismailiya, Egypt;El Ismailiya, Egypt
Seaforth, United Kingdom;Seaforth, United Kingdom
Abidjan, Cote d'Ivoire;Abidjan, Cote d'Ivoire
Brussels, Belgium;Brussels, Belgium
San Jose, Guatemala;San Jose, Guatemala
Terneuzen, Netherlands;Terneuzen, Netherlands
Labadee, Haiti;Labadee, Haiti
Charlotte Amalie, St. Th, Virgin Islands (U.S.);Charlotte Amalie, St. Th, Virgin Islands (U.S.)
Hull, United Kingdom;Hull, United Kingdom
Tarragona, Spain;Tarragona, Spain
Walvis Bay, Namibia;Walvis Bay, Namibia
Europoort, Netherlands;Europoort, Netherlands
Aagotnes, Norway;Aagotnes, Norway
Greenock, United Kingdom;Greenock, United Kingdom
Milford Haven, United Kingdom;Milford Haven, United Kingdom
Gand, Belgium;Gand, Belgium
Gibraltar, Gibraltar;Gibraltar, Gibraltar
Road Harbour, Tortola, Virgin Islands (British);Road Harbour, Tortola, Virgin Islands (British)
Golfo De Palmas, Italy;Golfo De Palmas, Italy
Porto Corsini, Italy;Porto Corsini, Italy
Cap  Limboh, Cameroon;Cap  Limboh, Cameroon
Bassens, France;Bassens, France
Philipsborough, Netherlands Antilles;Philipsborough, Netherlands Antilles
Philipsburg (SX);Philipsborough, Netherlands Antilles
Sarnia, Ont, Canada;Sarnia, Ont, Canada
Fang Cheng, China;Fang Cheng, China
Cadiz, Spain;Cadiz, Spain
Military Guangzhou, China;Guangzhou, China
Limassol, Cyprus;Limassol, Cyprus
Mogpo, South Korea;Mogpo, South Korea
Jebel Dhanna, United Arab Emirates;Jebel Dhanna, United Arab Emirates
Port Sudan, Sudan;Port Sudan, Sudan
Arjuna Terminal, Indonesia;Arjuna Terminal, Indonesia
Lome, Togo;Lome, Togo
Durazzo, Albania;Durazzo, Albania
Maputo, Mozambique;Maputo, Mozambique
Dar Es Salaam, Tanzania;Dar Es Salaam, Tanzania
El Alamein, Egypt;El Alamein, Egypt
Taicang, China;Taicang, China
Rada Di Vado, Italy;Rada Di Vado, Italy
Tema, Ghana;Tema, Ghana
Bitung, Indonesia;Bitung, Indonesia
Bitung, Sulawesi (ID);Bitung, Indonesia
North Tees, United Kingdom;North Tees, United Kingdom
Tomakomai, Japan;Tomakomai, Japan
Caracas, Venezuela;Caracas, Venezuela
Santo Domingo, Dominican Republic;Santo Domingo, Dominican Republic
Charlottetown, Pei, Canada;Charlottetown, Pei, Canada
Gresik, Indonesia;Gresik, Indonesia
Baie Comeau, Que, Canada;Baie Comeau, Que, Canada
Simotu, Japan;Simotu, Japan
Port Dickson, Malaysia;Port Dickson, Malaysia
Le Verdon, France;Le Verdon, France
Immingham, United Kingdom;Immingham, United Kingdom
Immingham (GB);Immingham, United Kingdom
Kardeljevo, Croatia;Kardeljevo, Croatia
Flushing, Netherlands;Flushing, Netherlands
Levis, Que, Canada;Levis, Que, Canada
Nanticoke, ONT, Canada;Nanticoke, ONT, Canada
Lagos, Nigeria;Lagos, Nigeria
Rosario, Argentina;Rosario, Argentina
San Pedro De Macoris, Dominican Republic;San Pedro De Macoris, Dominican Republic
Ras Laffan, Qatar;Ras Laffan, Qatar
Lahad Datu, Malaysia;Lahad Datu, Malaysia
Quintero, Chile;Quintero, Chile
Turbo, Colombia;Turbo, Colombia
Cozumel Island, Mexico;Cozumel Island, Mexico
Dos Bocas, Mexico;Dos Bocas, Mexico
Avonmouth, United Kingdom;Avonmouth, United Kingdom
Gaspe, Que, Canada;Gaspe, Que, Canada
Parham Harbour, Antigua, Antigua And Barbuda;Parham Harbour, Antigua, Antigua And Barbuda
Santiago, Chile;Santiago, Chile
Santa Clara, Brazil;Santa Clara, Brazil
Reykjavik, Iceland;Reykjavik, Iceland
Cotonou, Benin;Cotonou, Benin
Castellon, Spain;Castellon, Spain
Castellón de la Plana (ES);Castellon, Spain
Ceuta, Spain;Ceuta, Spain
Orangestad, Aruba;Orangestad, Aruba
Dakar, Senegal;Dakar, Senegal
Iwakuni, Japan;Iwakuni, Japan
Iquique, Chile;Iquique, Chile
Milazzo, Italy;Milazzo, Italy
Toronto, Ont, Canada;Toronto, Ont, Canada
Georgetown, Guyana;Georgetown, Guyana
Bahia Blanca, Argentina;Bahia Blanca, Argentina
Quebec, Canada;Quebec, Canada
Castaway Cay, Bahamas;Castaway Cay, Bahamas
Sept Iles, QUE, Canada;Sept Iles, QUE, Canada
Pointe Noire, Congo;Pointe Noire, Congo
Port of Green Bay, Green Bay, Wisconsin;Port of Green Bay, Green Bay, Wisconsin
Martinez, California;Martinez, California
Selby, California;Selby, California
Port of Richmond, Richmond, California;Port of Richmond, Richmond, California
Paulsboro, Pennsylvania;Paulsboro, Pennsylvania
Paulsboro (US);Paulsboro, Pennsylvania
Campbell River, Bc, Canada;Campbell River, Bc, Canada
Tokuyama, Japan;Tokuyama, Japan
New Westminster, Bc, Canada;New Westminster, Bc, Canada
Beale Cove, Bc, Canada;Beale Cove, Bc, Canada
Victoria, Bc, Canada;Victoria, Bc, Canada
Van Anda, Bc, Canada;Van Anda, Bc, Canada
Goa, India;Goa, India
Nanaimo, Bc, Canada;Nanaimo, Bc, Canada
Port Moody, Bc, Canada;Port Moody, Bc, Canada
Bell Bay, Australia;Bell Bay, Australia
Puerto Vallarta, Mexico;Puerto Vallarta, Mexico
Victoria Harbor, Ont, Canada;Victoria Harbor, Ont, Canada
Sur, Oman;Sur, Oman
Delta Bc, Canada;Delta Bc, Canada
Crofton, Bc, Canada;Crofton, Bc, Canada
Djambi, Indonesia;Djambi, Indonesia
Port Victoria, Seychelles;Port Victoria, Seychelles
Palembang, Indonesia;Palembang, Indonesia
Townsville, Australia;Townsville, Australia
Texada, Bc, Canada;Texada, Bc, Canada
Cumana, Venezuela;Cumana, Venezuela
Bukpyung, South Korea;Bukpyung, South Korea
Matsunaga, Japan;Matsunaga, Japan
Port Of Entry-Ketchikan, Ketchikan, Alaska;Port Of Entry-Ketchikan, Ketchikan, Alaska
Port Of Entry-Kansas City, Kansas City, Missouri;Port Of Entry-Kansas City, Kansas City, Missouri
Maida, Maida, North Dakota;Maida, Maida, North Dakota
Port Of Entry-West Palm Beach, West Palm Beach, Florida;Port Of Entry-West Palm Beach, West Palm Beach, Florida
Palm Beach (US);Port Of Entry-West Palm Beach, West Palm Beach, Florida
Cape Vincent, New York;Cape Vincent, New York
Saginaw-Bay City-Flint, Saginaw/Bay City, Michigan;Saginaw-Bay City-Flint, Saginaw/Bay City, Michigan
Detour City, Michigan;Detour City, Michigan
Point Fortin, Trinidad and Tobago;Point Fortin, Trinidad and Tobago
Aveiro, Portugal;Aveiro, Portugal
Maceio, Brazil;Maceio, Brazil
Barahona, Dominican Republic;Barahona, Dominican Republic
Aviles, Spain;Aviles, Spain
Linden, Guyana;Linden, Guyana
Yawata, Japan;Yawata, Japan
Yawata/Kitakyushu (JP);Yawata, Japan
Salaverry, Peru;Salaverry, Peru
Nystad, Finland;Nystad, Finland
Uusikaupunki (Nystad) (FI);Nystad, Finland
Coatzacoalcos, Mexico;Coatzacoalcos, Mexico
Savanna La Mar, Jamaica;Savanna La Mar, Jamaica
Pohang, South Korea;Pohang, South Korea
Heroen, Norway;Heroen, Norway
Greenhite, United Kingdom;Greenhite, United Kingdom
Talcahuano, Chile;Talcahuano, Chile
Puerto Castilla, Honduras;Puerto Castilla, Honduras
Ocho Rios, Jamaica;Ocho Rios, Jamaica
New Amsterdam, Guyana;New Amsterdam, Guyana
Aabenraa, Denmark;Aabenraa, Denmark
Chiriqui Grande Terminal, Panama;Chiriqui Grande Terminal, Panama
Hon Gai, Vietnam;Hon Gai, Vietnam
Tobata, Japan;Tobata, Japan
Hirohata, Japan;Hirohata, Japan
Admiralty Bay, Saint Vincent and the Grenadines;Admiralty Bay, Saint Vincent and the Grenadines
Kanokawa, Japan;Kanokawa, Japan
Punta Morales, Costa Rica;Punta Morales, Costa Rica
Esquivel, Jamaica;Esquivel, Jamaica
Port Esquivel (JM);Esquivel, Jamaica
Virgin  Gorda, Virgin Islands (British);Virgin  Gorda, Virgin Islands (British)
Ijmuiden, Netherlands;Ijmuiden, Netherlands
IJmuiden/Velsen (NL);Ijmuiden, Netherlands
Kuala Tanjung, Indonesia;Kuala Tanjung, Indonesia
Puerto Plata, Dominican Republic;Puerto Plata, Dominican Republic
Tarakan, Indonesia;Tarakan, Indonesia
Bjorneborg, Finland;Bjorneborg, Finland
Valleyfield, Que, Canada;Valleyfield, Que, Canada
Samos, Greece;Samos, Greece
Macassar, Indonesia;Macassar, Indonesia
Delfzijl, Netherlands;Delfzijl, Netherlands
Susaki, Japan;Susaki, Japan
Santander, Spain;Santander, Spain
Eemshaven, Netherlands;Eemshaven, Netherlands
Tuxpan, Mexico;Tuxpan, Mexico
Mab Ta Pud, Thailand;Mab Ta Pud, Thailand
Almeria, Spain;Almeria, Spain
Brindisi, Italy;Brindisi, Italy
Zarate, Argentina;Zarate, Argentina
Ronnsker, Sweden;Ronnsker, Sweden
Bar, Serbia;Bar, Serbia
Puerto Bolivar, Colombia;Puerto Bolivar, Colombia
La Romana, Dominican Republic;La Romana, Dominican Republic
Thule, Greenland;Thule, Greenland
Bimini Island, Bahamas;Bimini Island, Bahamas
Ocean Cay, Bahamas;Ocean Cay, Bahamas
Ash Shariqah, United Arab Emirates;Ash Shariqah, United Arab Emirates
Port Lavaca, Port Lavaca, Texas;Port Lavaca, Port Lavaca, Texas
Sabine, Texas;Sabine, Texas
Port of Redwood City, Redwood City, California;Port of Redwood City, Redwood City, California
Mississippi State Port Authority, Gulfport, Mississippi;Mississippi State Port Authority, Gulfport, Mississippi
Port Of NewHampshire, Portsmouth, New Hampshire;Port Of NewHampshire, Portsmouth, New Hampshire
Georgetown, Cayman Islands;Georgetown, Cayman Islands
Christiansted, St. Croix, Virgin Islands (U.S.);Christiansted, St. Croix, Virgin Islands (U.S.)
Goto Oil Terminal, Netherlands Antilles;Goto Oil Terminal, Netherlands Antilles
St. George, Grenada;St. George, Grenada
Chub Cay, Bahamas;Chub Cay, Bahamas
Great Stirrup Cay, Bahamas;Great Stirrup Cay, Bahamas
Great Inagua, Bahamas;Great Inagua, Bahamas
Cat Island, Bahamas;Cat Island, Bahamas
Clarence Town, Bahamas;Clarence Town, Bahamas
Providenciales, Turks and Caicos Islands;Providenciales, Turks and Caicos Islands
Belize, Belize;Belize, Belize
Puerto De Morales, Mexico;Puerto De Morales, Mexico
Governor's Harbour, Bahamas;Governor's Harbour, Bahamas
Andros Island, Bahamas;Andros Island, Bahamas
Spanish Wells, Bahamas;Spanish Wells, Bahamas
Eleuthera Island, Bahamas;Eleuthera Island, Bahamas
Cat Cay, Bahamas;Cat Cay, Bahamas
Cap Haitien, Haiti;Cap Haitien, Haiti
Havana, Cuba;Havana, Cuba
Grand Turks, Turks and Caicos Islands;Grand Turks, Turks and Caicos Islands
Exuma, Bahamas;Exuma, Bahamas
Half Moon Cay, Bahamas;Half Moon Cay, Bahamas
Arlen Siu, Nicaragua;Arlen Siu, Nicaragua
Isla San Andres, Colombia;Isla San Andres, Colombia
Carboneras, Spain;Carboneras, Spain
Guanaja, Honduras;Guanaja, Honduras
Great Harbour Cay, Bahamas;Great Harbour Cay, Bahamas
Gonaives, Haiti;Gonaives, Haiti
Palamos, Spain;Palamos, Spain
Golfito, Costa Rica;Golfito, Costa Rica
West End, Bahamas;West End, Bahamas
Onahama, Japan;Onahama, Japan
El Ferrol, Spain;El Ferrol, Spain
Port Cartier, Que, Canada;Port Cartier, Que, Canada
Newcastle, Australia;Newcastle, Australia
Majorca, Spain;Majorca, Spain
Walker Cay, Bahamas;Walker Cay, Bahamas
Marigot, St. Martin, Guadeloupe;Marigot, St. Martin, Guadeloupe
Cancun, Mexico;Cancun, Mexico
Saint Marc, Haiti;Saint Marc, Haiti
Barcadera, Aruba;Barcadera, Aruba
La Paz, Mexico;La Paz, Mexico
Thessalon, Ont, Canada;Thessalon, Ont, Canada
Pajaritos, Mexico;Pajaritos, Mexico
Montego Bay, Jamaica;Montego Bay, Jamaica
Portsmouth, Dominica;Portsmouth, Dominica
Santa Cruz De Tenerife, Spain;Santa Cruz De Tenerife, Spain
San Nicolas Bay, Aruba;San Nicolas Bay, Aruba
Ponta Delgada, Portugal;Ponta Delgada, Portugal
Funchal, Portugal;Funchal, Portugal
Valletta, Malta;Valletta, Malta
Maracaibo, Venezuela;Maracaibo, Venezuela
Luanda, Angola;Luanda, Angola
Bonaberi, Cameroon;Bonaberi, Cameroon
Port Gentil, Gabon;Port Gentil, Gabon
Takoradi, Ghana;Takoradi, Ghana
Lakeview, Ont, Canada;Lakeview, Ont, Canada
La Plata, Argentina;La Plata, Argentina
Moengo, Suriname;Moengo, Suriname
Tramandai, Brazil;Tramandai, Brazil
Paramaribo, Suriname;Paramaribo, Suriname
Doha, Qatar;Doha, Qatar
Sri Racha, Thailand;Sri Racha, Thailand
Lavera, France;Lavera, France
Cayo Arcas, Mexico;Cayo Arcas, Mexico
Chiba, Japan;Chiba, Japan
Kinuura, Japan;Kinuura, Japan
Puerto La Cruz, Venezuela;Puerto La Cruz, Venezuela
Khor Fakkan, United Arab Emirates;Khor Fakkan, United Arab Emirates
Marystown, Nfld, Canada;Marystown, Nfld, Canada
Ilo, Peru;Ilo, Peru
Matarani, Peru;Matarani, Peru
Ensteadvaerket, Denmark;Ensteadvaerket, Denmark
Sepetiba Bay, Brazil;Sepetiba Bay, Brazil
Itaguaí Pt = Sepetiba Pt (BR);Sepetiba Bay, Brazil
Wakayama, Japan;Wakayama, Japan
Priolo, Italy;Priolo, Italy
Puerto De Sagunto, Spain;Puerto De Sagunto, Spain
Fukuyama, Japan;Fukuyama, Japan
Fukuyama, Hiroshima (JP);Fukuyama, Japan
Niihama, Japan;Niihama, Japan
Oran, Algeria;Oran, Algeria
Malabo, Equatorial Guinea;Malabo, Equatorial Guinea
Bahia De Las Minas, Panama;Bahia De Las Minas, Panama
Volos, Greece;Volos, Greece
Saint Georges, Bermuda;Saint Georges, Bermuda
Bahia Guanta, Venezuela;Bahia Guanta, Venezuela
Ilheus, Brazil;Ilheus, Brazil
Pto. General San Martin, Argentina;Pto. General San Martin, Argentina
Muara Port, Brunei Darussalam;Muara Port, Brunei Darussalam
Giresun, Turkey;Giresun, Turkey
Sunndalsora, Norway;Sunndalsora, Norway
Ko Sichang, Thailand;Ko Sichang, Thailand
Kasaoka, Japan;Kasaoka, Japan
Joao Pessoa, Brazil;Joao Pessoa, Brazil
Kudamatsu, Japan;Kudamatsu, Japan
Pointe A Pierre, Trinidad and Tobago;Pointe A Pierre, Trinidad and Tobago
Degrad Des Cannes, French Guiana;Degrad Des Cannes, French Guiana
Taranto, Italy;Taranto, Italy
La Libertad, Ecuador;La Libertad, Ecuador
Dampier, Australia;Dampier, Australia
Hartlepool, United Kingdom;Hartlepool, United Kingdom
Imari, Japan;Imari, Japan
Clarence Bay, Ascension Is, St. Helena;Clarence Bay, Ascension Is, St. Helena
Sousee, Tunisia;Sousee, Tunisia
Mariveles, Philippines;Mariveles, Philippines
Puerto Henecan, Honduras;Puerto Henecan, Honduras
Brake, Germany;Brake, Germany
Brake (DE);Brake, Germany
Pasages, Spain;Pasages, Spain
Alluth Kalimantan, Indonesia;Alluth Kalimantan, Indonesia
Ilichevsk, Ukraine;Ilichevsk, Ukraine
Mohammedia, Morocco;Mohammedia, Morocco
Isla Mujeres, Mexico;Isla Mujeres, Mexico
Guaranao, Venezuela;Guaranao, Venezuela
Dover, United Kingdom;Dover, United Kingdom
Okrika, Nigeria;Okrika, Nigeria
Motril, Spain;Motril, Spain
El Jorf Lasfar, Morocco;El Jorf Lasfar, Morocco
Sakaide, Japan;Sakaide, Japan
Kribi, Cameroon;Kribi, Cameroon
Eregli, Turkey;Eregli, Turkey
Big Creek, Belize;Big Creek, Belize
Veraval, India;Veraval, India
Nouadhibou, Mauritania;Nouadhibou, Mauritania
Topolobampo, Mexico;Topolobampo, Mexico
Tamaulipas, Mexico;Tamaulipas, Mexico
Batangas, Philippines;Batangas, Philippines
Tuapse, Russia;Tuapse, Russia
Madre De Deus, Brazil;Madre De Deus, Brazil
Corunna, Spain;Corunna, Spain
Recife, Brazil;Recife, Brazil
Pointe A Pitre, Guadeloupe;Pointe A Pitre, Guadeloupe
Morelos, Mexico;Morelos, Mexico
Stewart, Bc, Canada;Stewart, Bc, Canada
Eydehamn, Norway;Eydehamn, Norway
Kings North, United Kingdom;Kings North, United Kingdom
Onsong, North Korea;Onsong, North Korea
Conchan, Peru;Conchan, Peru
Murmansk, Russia;Murmansk, Russia
Fort Williams, Ont, Canada;Fort Williams, Ont, Canada
Dalhousie, Nb, Canada;Dalhousie, Nb, Canada
Mexico, Mexico;Mexico, Mexico
Bataan, Philippines;Bataan, Philippines
Canneto, Italy;Canneto, Italy
Las Palmas, Spain;Las Palmas, Spain
Donges, France;Donges, France
Munguba, Brazil;Munguba, Brazil
Britt, Ont, Canada;Britt, Ont, Canada
Rocky Point, Jamaica;Rocky Point, Jamaica
Ain Sukhna, Egypt;Ain Sukhna, Egypt
Kerch, Ukraine;Kerch, Ukraine
Lobito, Angola;Lobito, Angola
Itacoatiara, Brazil;Itacoatiara, Brazil
Campeche, Mexico;Campeche, Mexico
Muuga, Estonia;Muuga, Estonia
Port Canaveral, Port Canaveral, Florida;Port Canaveral, Port Canaveral, Florida
Ponce, Ponce, Puerto Rico;Ponce, Ponce, Puerto Rico
Port Of Entry-Key West, Key West, Florida;Port Of Entry-Key West, Key West, Florida
El Segundo, California;El Segundo, California
Port of Richmond, Richmond‑Petersburg, Virginia;Port of Richmond, Richmond‑Petersburg, Virginia
The Port of Pensacola, Pensacola, Florida;The Port of Pensacola, Pensacola, Florida
Port of Morgan City, Morgan City, Louisiana;Port of Morgan City, Morgan City, Louisiana
Fort Pierce, Florida;Fort Pierce, Florida
Port Of Entry-Monterey, Monterey, California;Port Of Entry-Monterey, Monterey, California
Aden, Yemen;Aden, Yemen
Aguadulce, Panama;Aguadulce, Panama
Cam Pha, Vietnam;Cam Pha, Vietnam
Coquimbo, Chile;Coquimbo, Chile
San Lucas, Mexico;San Lucas, Mexico
Calamata, Greece;Calamata, Greece
Caldera, Chile;Caldera, Chile
Kuching, Malaysia;Kuching, Malaysia
Vladivostok, Russia;Vladivostok, Russia
Provideniya, Russia;Provideniya, Russia
Puerto Bolivar, Ecuador;Puerto Bolivar, Ecuador
La Fitteau, Haiti;La Fitteau, Haiti
Utila Bay, Honduras;Utila Bay, Honduras
Freetown, Sierra Leone;Freetown, Sierra Leone
Heraklion, Greece;Heraklion, Greece
Chioggia, Italy;Chioggia, Italy
Wenzhow, China;Wenzhow, China
Phuket, Thailand;Phuket, Thailand
Matanzas, Venezuela;Matanzas, Venezuela
Geraldton, Australia;Geraldton, Australia
Bunbury, Australia;Bunbury, Australia
Saffi, Morocco;Safi, Morocco
Safi (MA);Safi, Morocco
Kamaishi, Japan;Kamaishi, Japan
Muroran, Japan;Muroran, Japan
Samsun, Turkey;Samsun, Turkey
Guayacan, Chile;Guayacan, Chile
Nyborg, Denmark;Nyborg, Denmark
Clifton Pier, Bahamas;Clifton Pier, Bahamas
Kaliningrad, Russia;Kaliningrad, Russia
Owendo, Gabon;Owendo, Gabon
Musayid, Qatar;Musayid, Qatar
Mesaieed (QA);Musayid, Qatar
Kastel Sucurac, Croatia;Kastel Sucurac, Croatia
Nador, Morocco;Nador, Morocco
Mo I Rana, Norway;Mo I Rana, Norway
Alligator Pond, Jamaica;Alligator Pond, Jamaica
Porsgrunn, Norway;Porsgrunn, Norway
Uno, Japan;Uno, Japan
Stigsnaes, Denmark;Stigsnaes, Denmark
Tocopilla, Chile;Tocopilla, Chile
Geelong, Australia;Geelong, Australia
Pola, Croatia;Pola, Croatia
Zavia, Libya;Zavia, Libya
Palua, Venezuela;Palua, Venezuela
Lulea, Sweden;Lulea, Sweden
Frederikshavn, Denmark;Frederikshavn, Denmark
Puerto Ordaz, Venezuela;Puerto Ordaz, Venezuela
Kota Kinabalu, Malaysia;Kota Kinabalu, Malaysia
Samarinda, Indonesia;Samarinda, Indonesia
Port Rhoades, Jamaica;Port Rhoades, Jamaica
Gladstone, Australia;Gladstone, Australia
Trombetas, Brazil;Trombetas, Brazil
Oxelosund, Sweden;Oxelosund, Sweden
Libreville, Gabon;Libreville, Gabon
Sauda, Norway;Sauda, Norway
Huasco, Chile;Huasco, Chile
Port Of Entry-Perth Amboy, Perth Amboy, New Jersey;Port Of Entry-Perth Amboy, Perth Amboy, New Jersey
Toledo-Lucas Port Authority, Toledo, Ohio;Toledo-Lucas Port Authority, Toledo, Ohio
Port of Christiansted, Christiansted, Virgin Islands;Port of Christiansted, Christiansted, Virgin Islands
Port Huron, Port Huron, Michigan;Port Huron, Port Huron, Michigan
Port Of Entry-New London, New London, Connecticut;Port Of Entry-New London, New London, Connecticut
Danville, Washington;Danville, Washington
Mayaguez, Mayaguez, Puerto Rico;Mayaguez, Mayaguez, Puerto Rico
Port Of Entry-Fernandina Beach, Fernandina Beach, Florida;Port Of Entry-Fernandina Beach, Fernandina Beach, Florida
Eastport Port Authority, Eastport, Maine;Eastport Port Authority, Eastport, Maine
THE PORT OF MILWAUKEE, Milwaukee, Wisconsin;THE PORT OF MILWAUKEE, Milwaukee, Wisconsin
Port Of Entry-Morehead City - Beaufort, Beaufort‑Morehead City, North Carolina;Port Of Entry-Morehead City - Beaufort, Beaufort‑Morehead City, North Carolina
Grand Rapids, Grand Rapids, Michigan;Grand Rapids, Grand Rapids, Michigan
The Port of Pittsburgh Commission, Pittsburgh, Pennsylvania;The Port of Pittsburgh Commission, Pittsburgh, Pennsylvania
Buffalo‑Niagara Falls, New York;Buffalo‑Niagara Falls, New York
Albany, New York;Albany, New York
Muskegon, Michigan;Muskegon, Michigan
Duluth Seaway Port Authority, Duluth, Wisconsin;Duluth Seaway Port Authority, Duluth, Wisconsin
Airborne Express @ Seatac, Seatac, Washington;Airborne Express @ Seatac, Seatac, Washington
Bandirma, Turkey;Bandirma, Turkey
Coco Solo, Panama;Coco Solo, Panama
Sheet Harbour, Ns, Canada;Sheet Harbour, Ns, Canada
Caronte, France;Caronte, France
Iali, Greece;Iali, Greece
Mindelo, Cape Verde;Mindelo, Cape Verde
Brunsbuttel, Germany;Brunsbuttel, Germany
Aliver, Greece;Aliver, Greece
Soderhamn, Sweden;Soderhamn, Sweden
Sunderland, United Kingdom;Sunderland, United Kingdom
Ouleborg, Finland;Ouleborg, Finland
Becancour, Que, Canada;Becancour, Que, Canada
Cayuga, Ont, Canada;Cayuga, Ont, Canada
Algoma, Ont, Canada;Algoma, Ont, Canada
Bowmanville, Ont, Canada;Bowmanville, Ont, Canada
Bath, Ont, Canada;Bath, Ont, Canada
Picton, Ont, Canada;Picton, Ont, Canada
Meldrum Bay, Canada;Meldrum Bay, Canada
Bruce Mines, Ont, Canada;Bruce Mines, Ont, Canada
Goderich, Ont, Canada;Goderich, Ont, Canada
Yokosuka, Japan;Yokosuka, Japan
San Joaquin River, California;San Joaquin River, California
Juneau, Juneau, Alaska;Juneau, Juneau, Alaska
Port of Friday Harbor, Friday Harbor, Washington;Port of Friday Harbor, Friday Harbor, Washington
Port Of Entry-Sitka, Sitka, Alaska;Port Of Entry-Sitka, Sitka, Alaska
Port Of Entry-Skagway, Skagway, Alaska;Port Of Entry-Skagway, Skagway, Alaska
Port Of Entry-Dalton Cache, Dalton Cache, Alaska;Port Of Entry-Dalton Cache, Dalton Cache, Alaska
Port Of Anacortes, Anacortes, Washington;Port Of Anacortes, Anacortes, Washington
Port of Astoria, Astoria, Oregon;Port of Astoria, Astoria, Oregon
Port Of Entry-Hilo, Hilo, Hawaii;Port Of Entry-Hilo, Hilo, Hawaii
Windsor, Ont, Canada;Windsor, Ont, Canada
Mariupol, Ukraine;Mariupol, Ukraine
Hamilton, Ont, Canada;Hamilton, Ont, Canada
Wismar, Germany;Wismar, Germany
Three Rivers, Que, Canada;Three Rivers, Que, Canada
Baj Baj, India;Baj Baj, India
Howie Sound, Bc, Canada;Howie Sound, Bc, Canada
Powell River, Bc, Canada;Powell River, Bc, Canada
Newcastle On Tyne, United Kingdom;Newcastle On Tyne, United Kingdom
Newcastle upon Tyne (GB);Newcastle On Tyne, United Kingdom
Tyne (GB);Newcastle On Tyne, United Kingdom
Gold River, Bc, Canada;Gold River, Bc, Canada
Batumi, Georgia;Batumi, Georgia
Cherbourg, France;Cherbourg, France
UPS Courier Hub Facility, Pennsylvania;UPS Courier Hub Facility, Pennsylvania
Port of Fall River, Fall River, Massachusetts;Port of Fall River, Fall River, Massachusetts
Fort Myers, Florida;Fort Myers, Florida
Port of New Bedford Business Alliance, New Bedford, Massachusetts;Port of New Bedford Business Alliance, New Bedford, Massachusetts
Searsport, Maine;Searsport, Maine
Port Of Entry-Fajardo, Fajardo, Puerto Rico;Port Of Entry-Fajardo, Fajardo, Puerto Rico
Wallhamn, Sweden;Wallhamn, Sweden
San Pedro, Argentina;San Pedro, Argentina
Nordenham, Germany;Nordenham, Germany
Skien, Norway;Skien, Norway
Abo, Finland;Abo, Finland
Oskarshamn, Sweden;Oskarshamn, Sweden
Waterford, Ireland;Waterford, Ireland
Karlshamn, Sweden;Karlshamn, Sweden
Point Ubu, Brazil;Point Ubu, Brazil
Harbour Grace, Nfld, Canada;Harbour Grace, Nfld, Canada
Kemi, Finland;Kemi, Finland
San Pedro, Cote d'Ivoire;San Pedro, Cote d'Ivoire
Corner Brook, Nfld, Canada;Corner Brook, Nfld, Canada
Burnie, Australia;Burnie, Australia
Iggesund, Sweden;Iggesund, Sweden
Sullom Voe, United Kingdom;Sullom Voe, United Kingdom
Djeno Terminal, Congo;Djeno Terminal, Congo
Natal, Brazil;Natal, Brazil
Flotta, United Kingdom;Flotta, United Kingdom
Pennington, Nigeria;Pennington, Nigeria
Montrose, United Kingdom;Montrose, United Kingdom
Crockett, California;Crockett, California
Bayside, Nb, Canada;Bayside, Nb, Canada
Milos Island, Greece;Milos Island, Greece
Kamsar, Guinea;Kamsar, Guinea
Saint Andrews, Nb, Canada;Saint Andrews, Nb, Canada
Limhamn, Sweden;Limhamn, Sweden
Kingsville, Ont, Canada;Kingsville, Ont, Canada
Gabes, Tunisia;Gabes, Tunisia
Gabès (TN);Gabes, Tunisia
Ridham Dock, United Kingdom;Ridham Dock, United Kingdom
Puntarenas, Costa Rica;Puntarenas, Costa Rica
Cruz Bay, St. John I., Virgin Islands (U.S.);Cruz Bay, St. John I., Virgin Islands (U.S.)
Anguilla, Anguilla;Anguilla, Anguilla
Frederiksted, St. Croix, Virgin Islands (U.S.);Frederiksted, St. Croix, Virgin Islands (U.S.)
Port Of Entry-Progreso, Progresso, Texas;Port Of Entry-Progreso, Progresso, Texas
Port Of Entry-Nawiliwili-Port Allen, Nawiliwili‑Port Allen, Hawaii;Port Of Entry-Nawiliwili-Port Allen, Nawiliwili‑Port Allen, Hawaii
Port Of Entry-Kahului, Kahului, Hawaii;Port Of Entry-Kahului, Kahului, Hawaii
Cabo Rojo, Dominican Republic;Cabo Rojo, Dominican Republic
Port Of Entry-Nashville, Nashville, Tennessee;Port Of Entry-Nashville, Nashville, Tennessee
Ashtabula/Conneaut, Ohio;Ashtabula/Conneaut, Ohio
Rogers City Harbor, Rogers City, Michigan;Rogers City Harbor, Rogers City, Michigan
Manta, Ecuador;Manta, Ecuador
Sundsvall, Sweden;Sundsvall, Sweden
Harmac, Bc, Canada;Harmac, Bc, Canada
Blubber Bay, Bc, Canada;Blubber Bay, Bc, Canada
Port of Port Townsend, Port Townsend, Washington;Port of Port Townsend, Port Townsend, Washington
Kwinana, Australia;Kwinana, Australia
Galeota Point, Trinidad and Tobago;Galeota Point, Trinidad and Tobago
San Nicolas, Argentina;San Nicolas, Argentina
Port Of Entry-Ogdensburg, Ogdensburg, New York;Port Of Entry-Ogdensburg, Ogdensburg, New York
Punta Cardon, Venezuela;Punta Cardon, Venezuela
Ras Gharib, Egypt;Ras Gharib, Egypt
Port Hardy, Bc, Canada;Port Hardy, Bc, Canada
Port Of Entry-Belfast, Belfast, Maine;Port Of Entry-Belfast, Belfast, Maine
Bridgeport, Connecticut;Bridgeport, Connecticut
Service Port-Phoenix, Phoenix, Arizona;Service Port-Phoenix, Phoenix, Arizona
Port Of Entry-Dayton, Dayton, Ohio;Port Of Entry-Dayton, Dayton, Ohio
Port Of Entry-Sumas, Sumas, Washington;Port Of Entry-Sumas, Sumas, Washington
Cutuco, El Salvador;Cutuco, El Salvador
San Pablo Bay, California;San Pablo Bay, California
Port of Gary, Gary, Indiana;Port of Gary, Gary, Indiana
Port of Newport, Newport, Oregon;Port of Newport, Newport, Oregon
Military Naha, Japan;Military Naha, Japan
Chiapas, Mexico;Chiapas, Mexico
Hachinohe, Japan;Hachinohe, Japan
Sidi Kerir, Egypt;Sidi Kerir, Egypt
Carmen, Mexico;Carmen, Mexico
Port Of Entry-Calexico West - Class A, Calexico, California;Port Of Entry-Calexico West - Class A, Calexico, California
Gloucester, Massachusetts;Gloucester, Massachusetts
Port Of Entry-Bar Harbor, Bar Harbor, Maine;Port Of Entry-Bar Harbor, Bar Harbor, Maine
Yarmouth, Ns, Canada;Yarmouth, Ns, Canada
Hualien, Taiwan;Hualien, Taiwan
Marsa Al Hariga, Libya;Marsa Al Hariga, Libya
Alofi, Niue;Alofi, Niue
Sechelt, Bc, Canada;Sechelt, Bc, Canada
Kagoshima, Japan;Kagoshima, Japan
Kiire, Japan;Kiire, Japan
Koror, Palau;Koror, Palau
Clarkson, Ont, Canada;Clarkson, Ont, Canada
Sault Ste. Marie, Sault Ste Marie, Michigan;Sault Ste. Marie, Sault Ste Marie, Michigan
Argentia, Nfld, Canada;Argentia, Nfld, Canada
Puerto Nuevo, Ecuador;Puerto Nuevo, Ecuador
Greater Orlando Aviation Authority, Orlando, Florida;Greater Orlando Aviation Authority, Orlando, Florida
Port Of Entry-Birmingham, Birmingham, Alabama;Port Of Entry-Birmingham, Birmingham, Alabama
Oregon International Port of Coos Bay, Coos Bay, Oregon;Oregon International Port of Coos Bay, Coos Bay, Oregon
Portbury, United Kingdom;Portbury, United Kingdom
Weipa, Australia;Weipa, Australia
Charlestown, Nevis Is., Saint Kitts and Nevis;Charlestown, Nevis Is., Saint Kitts and Nevis
Rouseau, Dominica;Rouseau, Dominica
Matane, Que, Canada;Matane, Que, Canada
Arawak Cay, Bahamas;Arawak Cay, Bahamas
Tumaco, Colombia;Tumaco, Colombia
Dordrecht, Netherlands;Dordrecht, Netherlands
Chemainus, Bc, Canada;Chemainus, Bc, Canada
Port Angeles, Washington;Port Angeles, Washington
Port Alberni, Bc, Canada;Port Alberni, Bc, Canada
Iyo Mishima, Japan;Iyo Mishima, Japan
Boca Chica, Dominican Republic;Boca Chica, Dominican Republic
Iligan, Philippines;Iligan, Philippines
Belledune, Nb, Canada;Belledune, Nb, Canada
Patras, Greece;Patras, Greece
Raahe, Finland;Raahe, Finland
Port Lucaya, Bahamas;Port Lucaya, Bahamas
Monrovia, Liberia;Monrovia, Liberia
Perth, Australia;Perth, Australia
Ashkelon, Israel;Ashkelon, Israel
Gros Cacouna, Que, Canada;Gros Cacouna, Que, Canada
Alpena, Michigan;Alpena, Michigan
Marinette, Wisconsin;Marinette, Wisconsin
Bontang, Indonesia;Bontang, Indonesia
Merak, Indonesia;Merak, Indonesia
Marquette, Michigan;Marquette, Michigan
Contrecoeur, Que, Canada;Contrecoeur, Que, Canada
Port of Oswego, Oswego, New York;Port of Oswego, Oswego, New York
Erie-Western Pennsylvania Port Authority, Erie, Pennsylvania;Erie-Western Pennsylvania Port Authority, Erie, Pennsylvania
Botlek, Netherlands;Botlek, Netherlands
Ciudad Bolivar, Venezuela;Ciudad Bolivar, Venezuela
Calica, Mexico;Calica, Mexico
Grande Anse, Grenada;Grande Anse, Grenada
Plymouth, Massachusetts;Plymouth, Massachusetts
Otaru, Japan;Otaru, Japan
Bangor, Maine;Bangor, Maine
Suisun Bay, California;Suisun Bay, California
Bajo Grande, Venezuela;Bajo Grande, Venezuela
Vaasa, Finland;Vaasa, Finland
Rouen, France;Rouen, France
Chicoutimi, Que, Canada;Chicoutimi, Que, Canada
Stenungsund, Sweden;Stenungsund, Sweden
Struer, Denmark;Struer, Denmark
Cruz Bay, Virgin Islands;Cruz Bay, Virgin Islands
Petropavlovsk, Russia;Petropavlovsk, Russia
Vallvik, Sweden;Vallvik, Sweden
Dartmouth, Ns, Canada;Dartmouth, Ns, Canada
Pulupandan, Philippines;Pulupandan, Philippines
Mackay, Australia;Mackay, Australia
Gustavia, Guadeloupe;Gustavia, Guadeloupe
Manitowoc, Wisconsin;Manitowoc, Wisconsin
Stephenville, Nl, Canada;Stephenville, Nl, Canada
Campobello, Nb, Canada;Campobello, Nb, Canada
Praia, Portugal;Praia, Portugal
Port of Orange, Orange, Texas;Port of Orange, Orange, Texas
Gandia, Spain;Gandia, Spain
Vieux Fort, Saint Lucia;Vieux Fort, Saint Lucia
Rochester, New York;Rochester, New York
Barletta, Italy;Barletta, Italy
Corunna, Ont, Canada;Corunna, Ont, Canada
Grand Haven, Michigan;Grand Haven, Michigan
Port of South Louisiana, Destrehan, Louisiana;Port of South Louisiana, Destrehan, Louisiana
Destrehan (US);Port of South Louisiana, Destrehan, Louisiana
Battle Creek, Battle Creek, Michigan;Battle Creek, Battle Creek, Michigan
Port Of Entry-Worcester, Worcester, Massachusetts;Port Of Entry-Worcester, Worcester, Massachusetts
Newark, New Jersey;New York, New York
Newport News, Virginia;Newport News, Virginia
Port of Vicksburg, Vicksburg, Mississippi;Port of Vicksburg, Vicksburg, Mississippi
Kona, Hawaii;Kona, Hawaii
Miri, Malaysia;Miri, Malaysia
Yatsushiro, Japan;Yatsushiro, Japan
Newport, United Kingdom;Newport, United Kingdom
Haugesund, Norway;Haugesund, Norway
Cabinda, Angola;Cabinda, Angola
Portland, Australia;Portland, Australia
Kanazawa, Japan;Kanazawa, Japan
Floro, Norway;Floro, Norway
Berbera, Somalia;Berbera, Somalia
Haimen, China;Nantong, China
Plymouth, United Kingdom;Plymouth, United Kingdom
Misrata, Libya;Misrata, Libya
Boma, Congo;Boma, Congo
Sakata, Japan;Sakata, Japan
Nacala, Mozambique;Nacala, Mozambique
Nacala (MZ);Nacala, Mozambique
Cannes, France;Cannes, France
Hango, Finland;Hango, Finland
La Goulette, Tunisia;La Goulette, Tunisia
Hakodate, Japan;Hakodate, Japan
Aspropirgos, Greece;Aspropirgos, Greece
Hazira, India;Hazira, India
King Abdullah, Saudi Arabia;King Abdullah, Saudi Arabia
Huadu, China;Guangzhou, China
Toyama, Japan;Toyama, Japan
Plymouth, Montserrat;Plymouth, United Kingdom
Benghazi, Libya;Benghazi, Libya
Komatsujima, Japan;Komatsujima, Japan
El Guamache, Venezuela;El Guamache, Venezuela
Vostochnyy, Russia;Vostochnyy, Russia
Swansea, United Kingdom;Swansea, United Kingdom
Umea, Sweden;Umea, Sweden
Banzart, Tunisia;Banzart, Tunisia
Darwin, Australia;Darwin, Australia
Korsakov, Russia;Korsakov, Russia
Nagasaki, Japan;Nagasaki, Japan
Porto Praia, Cape Verde;Porto Praia, Cape Verde
Conakri, Guinea;Conakri, Guinea
Balikpapan, Indonesia;Balikpapan, Indonesia
Tripoli, Libya;Tripoli, Libya
Akita Ko, Japan;Akita Ko, Japan
Tanga, Tanzania;Tanga, Tanzania
Rizhao, China;Rizhao, China
Kushiro, Japan;Kushiro, Japan
Salten, Norway;Salten, Norway
Maizuru, Japan;Maizuru, Japan
Matsuyama, Japan;Matsuyama, Japan
Hobro, Denmark;Hobro, Denmark
Port Vila, Vanuatu;Port Vila, Vanuatu
Banjul, Gambia;Banjul, Gambia
Annaba, Algeria;Annaba, Algeria
Annaba (ex Bone) (DZ);Annaba, Algeria
Port Of Entry-Aguadilla, Aguadilla, Puerto Rico;Port Of Entry-Aguadilla, Aguadilla, Puerto Rico
Ghazaouet, Algeria;Ghazaouet, Algeria
Moss, Norway;Moss, Norway
Drammen, Norway;Drammen, Norway
Benoa, Indonesia;Benoa, Indonesia
Apapa, Nigeria;Apapa, Nigeria
Namibe, Angola;Namibe, Angola
Puerto Deseado, Argentina;Puerto Deseado, Argentina
Caofeidian Pt (CN);Caofeidian Pt (CN)
Kaohsiung (TW);Kaohsiung, Taiwan
Imbituba (BR);Imbituba, Brazil
Christiansted, Saint Croix (VI);Christiansted, St. Croix, Virgin Islands (U.S.)
Le Havre (FR);Le Havre, France
Amsterdam (NL);Amsterdam, Netherlands
Arica (CL);Arica, Chile
Rotterdam (NL);Rotterdam, Netherlands
Port Elizabeth (ZA);Port Elizabeth, South Africa
Lianyungang (CN);Lianyungang, China
Ensenada (MX);Ensenada, Mexico
Santa Rosalia (MX);Santa Rosalia, Mexico
Baie Comeau (CA);Baie Comeau, Que, Canada
Natal (BR);Natal, Brazil
Porsgrunn (NO);Porsgrunn, Norway
Pointe Noire (CG);Pointe Noire, Congo
Buenaventura (CO);Buenaventura, Colombia
Tuapse (RU);Tuapse, Russia
San Antonio Este (AR);San Antonio, Chile
São Francisco do Sul (BR);Sao Francisco Do Sul, Brazil
Manaus (BR);Manaus, Brazil
Port Arthur (US);Port Arthur, Texas
Al 'Aqabah (JO);Al Aqabah, Jordan
Puerto Cabello (VE);Puerto Cabello, Venezuela
Lome (TG);Lome, Togo
Port-au-Prince (HT);Port Au Prince, Haiti
Salaverry (PE);Salaverry, Peru
Marsaxlokk (MT);Marsaxlokk, Malta
La Plata (AR);La Plata, Argentina
Algeciras (ES);Algeciras, Spain
Zhenjiang Pt (CN);Zhenjiang, China
Zhenjiang Pt (CN);Zhanjiang, China
Callao (PE);Callao, Peru
Tarragona (ES);Tarragona, Spain
Pointe a Pierre (TT);Pointe A Pierre, Trinidad and Tobago
Balboa (PA);Balboa, Panama
Robert's Bank (CA);Robert's Bank, Bc, Canada
Iquique (CL);Iquique, Chile
Valletta (MT);Valletta, Malta
Ventspils (LV);Ventspils, Latvia
Prince Rupert (CA);Prince Rupert, Bc, Canada
Yantian Pt (CN);Yantian, China
Milazzo (IT);Milazzo, Italy
Muhammad Bin Qasim/Karachi (PK);Port Muhammad Bin Qasim, Pakistan
Salvador (BR);Salvador, Brazil
Caleta Patillos (CL);Caleta Patillos, Chile
Cartagena (CO);Cartagena, Colombia
Rio Grande (BR);Rio Grande, Brazil
Bandirma (TR);Bandirma, Turkey
Point Fortin (TT);Point Fortin, Trinidad and Tobago
Aarhus (DK);Aarhus, Denmark
Buenos Aires (AR);Buenos Aires, Argentina
Gladstone (AU);Gladstone, Australia
Bremerhaven (DE);Bremerhaven, Germany
Esbjerg (DK);Esbjerg, Denmark
Dégrad des Cannes (GF);Degrad Des Cannes, French Guiana
Lázaro Cárdenas (MX);Lazaro Cardenas, Mexico
La Pampilla (PE);La Pampilla, Peru
Cochin (IN);Cochin, India
Murmansk (RU);Murmansk, Russia
Kingston (JM);Kingston, Jamaica
Gibraltar (GI);Gibraltar, Gibraltar
Alicante (ES);Alicante, Spain
Villa Constitución (AR);Villa Constitucion, Argentina
Tramandaí (BR);Tramandai, Brazil
San Ciprian (ES);San Ciprian, Spain
Piraeus (GR);Piraeus, Greece
Ashdod (IL);Ashdod, Israel
Rio de Janeiro (BR);Rio De Janeiro, Brazil
Eregli (TR);Eregli, Turkey
Madre de Deus (BR);Madre De Deus, Brazil
Portland (AU);Portland, Australia
Quintero (CL);Quintero, Chile
Santander (ES);Santander, Spain
Manzanillo (PA);Manzanillo, Panama
Belledune (CA);Belledune, Nb, Canada
Antwerpen (BE);Antwerp, Belgium
São Sebastião (BR);Sao Sebastio, Brazil
Kwinana (AU);Kwinana, Australia
Campana (AR);Campana, Argentina
Taichung (TW);Taichung, Taiwan
Punta Arenas (CL);Punta Arenas, Chile
Georgetown (GY);Georgetown, Guyana
Rouen (FR);Rouen, France
San Antonio (CL);San Antonio, Chile
Luanda (AO);Luanda, Angola
Newport News (US);Newport News, Virginia
Tocopilla (CL);Tocopilla, Chile
Gioia Tauro (IT);Gioia Tauro, Italy
Cadiz (ES);Cadiz, Spain
Navegantes (BR);Navegantes, Brazil
Port Gentil (GA);Port Gentil, Gabon
Rosario (AR);Rosario, Argentina
Puerto Bolívar (CO);Puerto Bolivar, Colombia
Richards Bay (ZA);Richard's Bay, South Africa
Visakhapatnam (IN);Visakhapatnam, India
Come By Chance (CA);Come By Chance, Nfld, Canada
Kobe (JP);Kobe, Japan
Istanbul (TR);Istanbul, Turkey
Gdynia (PL);Gdynia, Poland
Bahía Blanca (AR);Bahia Blanca, Argentina
Altamira (MX);Altamira, Mexico
Freeport, Grand Bahama (BS);Freeport, Grand Bahama I, Bahamas
Livorno (IT);Livorno, Italy
Huelva (ES);Huelva, Spain
Vancouver (CA);Vancouver, BC, Canada
Novorossiysk (RU);Novorossiysk, Russia
Antofagasta (CL);Antofagasta, Chile
Lirquén (CL);Lirquen, Chile
Valencia (ES);Valencia, Spain
Jacksonville (US);Jacksonville, Florida
Cristóbal (PA);Cristobal, Panama
Praia Mole (BR);Praia Mole, Brazil
Kandla (IN);Kandla, India
Barranquilla (CO);Barranquilla, Colombia
Terneuzen (NL);Terneuzen, Netherlands
Sauda (NO);Sauda, Norway
Coatzacoalcos (MX);Coatzacoalcos, Mexico
Recife (BR);Recife, Brazil
Suape (BR);Suape, Brazil
Derince (TR);Derince, Turkey
Port Kembla (AU);Port Kembla, Australia
San Vicente (CL);San Vicente, Chile
Progreso (MX);Progreso, Mexico
Veracruz (MX);Veracruz, Mexico
Ceuta (ES);Ceuta, Spain
Kaliningrad (RU);Kaliningrad, Russia
Mamonal (CO);Mamonal, Colombia
Genova (IT);Genoa, Italy
Aviles (ES);Aviles, Spain
Montevideo (UY);Montevideo, Uruguay
Osaka (JP);Osaka, Japan
Guayaquil (EC);Guayaquil, Ecuador
Cotonou (BJ);Cotonou, Benin
Carboneras (ES);Carboneras, Spain
Cagliari (IT);Cagliari, Italy
Barcelona (ES);Barcelona, Spain
Taicang Pt (CN);Taicang, China
Munguba (BR);Munguba, Brazil
Klaipeda (LT);Klaipeda, Lithuania
Brunsbüttel (DE);Brunsbuttel, Germany
Puerto Quetzal (GT);Puerto Quetzal, Guatemala
Hong Kong (HK);Hong Kong, Hong Kong
Casablanca (MA);Casablanca, Morocco
Izmit (TR);Izmit, Turkey
Aratu (BR);Aratu, Brazil
Bilbao (ES);Bilbao, Spain
Matarani (PE);Matarani, Peru
Sabine Pass (US);Sabine, Texas
Itaqui (BR);Itaqui, Brazil
Singapore (SG);Singapore, Singapore
Zeebrugge (BE);Zeebrugge, Belgium
Mundra (IN);Mundra, India
Matanzas (VE);Matanzas, Venezuela
Augusta (IT);Augusta, Italy
Cartagena (ES);Cartagena, Spain
Cartagena (ES);Cartagena, Colombia
Aliaga (TR);Aliaga, Turkey
Jiangyin (CN);Jiangyin, China
Kwangyang (KR);Kwangyang, South Korea
Monrovia (LR);Monrovia, Liberia
Takoradi (GH);Takoradi, Ghana
Jorf Lasfar (MA);El Jorf Lasfar, Morocco
La Pallice (FR);La Pallice, France
Itajai (BR);Itajai, Brazil
Las Palmas (AR);Las Palmas (AR)
Fray Bentos (UY);Fray Bentos (UY)
Melkøya (NO);Melkøya (NO)
Bejaia (ex Bougie) (DZ);Bejaia (ex Bougie) (DZ)
Necochea (AR);Necochea (AR)
Icdas Jetty (TR);Icdas Jetty (TR)
Gent (Ghent) (BE);Gent (Ghent) (BE)
Chornomorsk (UA);Chornomorsk (UA)
Teesport (GB);Teesport (GB)
Håvik (NO);Havik (NO)
Ust'-Luga (RU);Ust Luga (RU)
Sitrah (BH);Sitrah (BH)
Saint Petersburg (ex Leningrad) (RU);Saint Petersburg (ex Leningrad) (RU)
Laayoune (El Aaiun) (MA);Laayoune (El Aaiun) (MA)
Liepaja (LV);Liepaja (LV)
Skagen (DK);Skagen (DK)
Hopewell (US);Hopewell (US)
Mylaki (GR);Mylaki (GR)
Dock Sur (AR);Dock Sur (AR)
Abu Kir (EG);Abu Kir (EG)
Chalmette (US);Chalmette (US)
Ras Al-Khair (SA);Ras Al-Khair (SA)
Sipitang, Sabah (MY);Sipitang, Sabah (MY)
Hay Point (AU);Hay Point (AU)
Agbami (NG);Agbami (NG)
Paradip Garh (IN);Paradip Garh (IN)
Limetree Bay (VI);Limetree Bay (US)
Swinoujscie (PL);Swinoujscie (PL)
Del Guazu (AR);Del Guazu (AR)
Panamá, Ciudad de (PA);Panamá, Ciudad de (PA)
San Nicolás de los Arroyos (AR);San Nicolás de los Arroyos (AR)
Sillamäe (EE);Sillamae (EE)
Bandar Khomeini (IR);Bandar Khomeini (IR)
San Lorenzo (AR);San Lorenzo (AR)
Tubarão Pt./Vitória (BR);Vitoria, Brazil
San Lorenzo (HN);San Lorenzo (HN)
Norco (US);Norco (US)
Good Hope (US);Good Hope (US)
Ar Ruways (AE);Ar Ruways (AE)
Geismar (US);Geismar (US)
Sungai Udang Port (MY);Sungai Udang Port (MY)
Pisco (PE);Pisco (PE)
Phu My (VN);Phu My (VN)
Meraux (US);Meraux (US)
Fredrikstad (NO);Fredrikstad (NO)
Mäntyluoto (FI);Mantyluoto, Finland
Padang (ID);Padang, Indonesia
Mina' al Ahmadi (KW);Mina' al Ahmadi, Kuwait
Las Palmas de Gran Canaria (ES);Las Palmas de Gran Canaria, Spain
Herøya (NO);Heroya, Norway
Onne (NG);Onne, Nigeria
Port Klang (Pelabuhan Klang) (MY);Port Klang, Malaysia
Plaquemine (US);Plaquemine (US)
Elat (Eilath) (IL);Elat (Eilath), Israel
Norfolk (US);Norfolk (US)
Vlissingen (NL);Vlissingen, Netherlands
Nueva Palmira (UY);Nueva Palmira, Uruguay
Westwego (US);Westwego (US)
Deer Park (US);Deer Park (US)
Portland (GB);Portland, United Kingdom
Ilo (PE);Ilo, Peru
Charleston (US);The Port of Charleston, Charleston, South Carolina
Sabine (US);Sabine, Texas
Lagos (NG);Lagos, Nigeria
Longview (US);Port Of Longview, Longview, Washington
Bremen (DE);Bremen, Germany
Lake Charles (US);Port of Lake Charles, Lake Charles, Louisiana
Houston (US);Houston, Houston, Texas
Pascagoula (US);Port of Pascagoula, Pascagoula, Mississippi
Sorel (CA);Sorel, Que, Canada
Caucedo (DO);Caucedo, Dominican Republic
Abidjan (CI);Abidjan, Cote d'Ivoire
Gunsan (KR);Gunsan, South Korea
Portland (US);Port of Portland, Portland, Oregon
Busan (KR);Busan, South Korea
Galveston (US);Port of Galveston, Galveston, Texas
Dakar (SN);Dakar, Senegal
Emden (DE);Emden, Germany
Riga (LV);Riga, Latvia
New Orleans (US);Port of New Orleans, New Orleans, Louisiana
Patillos (CL);Caleta Patillos, Chile
Varna (BG);Varna, Bulgaria
London (GB);London, United Kingdom
Kribi (CM);Kribi, Cameroon
Freeport (US);Freeport, Freeport, Texas
Montreal (CA);Montreal, Que, Canada
San Martin (AR);Pto. General San Martin, Argentina
Pohang (KR);Pohang, South Korea
Acajutla (SV);Acajutla, El Salvador
Newcastle (GB);Newcastle On Tyne, United Kingdom
Durban (ZA);Durban, South Africa
Guanta (VE);Bahia Guanta, Venezuela
Port Everglades (US);Port Of Entry-Port Everglades/Fort Lauderdale, Port Everglades, Florida
Savannah (US);Georgia Ports Authority, Savannah, Georgia
Manta (EC);Manta, Ecuador
Stockton (US);Port of Stockton, Stockton, California
Mobile (US);Alabama State Port Authority, Mobile, Alabama
Ferrol (ES);El Ferrol, Spain
Vancouver (US);Port of Vancouver USA, Vancouver, Washington
Sines (PT);Porto De Sines, Portugal
Cape Town (ZA);Cape Town, South Africa
Sfax (TN);Sfax, Tunisia
Muuga (EE);Muuga, Estonia
Poti (GE);Poti, Georgia
Baltimore (US);Baltimore, Maryland
Botlek (NL);Botlek, Netherlands
Beaumont (US);Port of Beaumont, Beaumont, Texas
New York (US);New York, New York
Shekou Pt (CN);Shekou, China
Vitória Pt (BR);Vitoria, Brazil
Zhanjiang Potou Apt (CN);Zhanjiang, China
Saint-John (CA);Saint John, Nb, Canada
Arroyo Seco (AR);Arroyo Seco (AR)
Zárate (AR);Zárate (AR)
Belem (BR);Belem (BR)
Dongjiangkou (CN);Dongjiangkou (CN)
Riohacha (CO);Riohacha (CO)
Xiuyu Pt (CN);Xiuyu Pt (CN)
Qinhuangdao Pt (CN);Qinhuangdao Pt (CN)
Saint Rose (US);Saint Rose (US)
Koper (SI);Koper (SI)
Vila do Conde (BR);Vila do Conde (BR)
Nederland (US);Nederland (US)
Burnside (US);Burnside (US)
Vadinar (IN);Vadinar (IN)
Lanshan Pt (CN);Lanshan Pt (CN)
Quequén (AR);Quequén (AR)
Itabuna (BR);Itabuna (BR)
Maceió (BR);Maceió (BR)
Ravenna (IT);Ravenna (IT)
Portocel (BR);Portocel (BR)
Fos-sur-Mer (FR);Fos-sur-Mer (FR)
Punta Chungo (CL);Punta Chungo (CL)
Quanzhou Pt (CN);Quanzhou Pt (CN)
Santos (BR);Santos (BR)
Lima (AR);Lima (AR)
Changshu Pt (CN);Changshu Pt (CN)
Abbot Point (AU);Abbot Point (AU)
Puerto Madryn (AR);Puerto Madryn (AR)
Alumar (BR);Alumar (BR)
Jingjiang Pt (CN);Jingjiang Pt (CN)
Yangzhong (CN);Yangzhong (CN)
Bayonne (US);Bayonne (US)
Sohar (OM);Sohar (OM)
Convent (US);Convent (US)
Puerto Angamos (CL);Puerto Angamos (CL)
Sika (IN);Sika (IN)
Gdansk (PL);Gdansk (PL)
Santarem (BR);Santarem (BR)
Bayovar (PE);Bayovar (PE)
Tarahan (ID);Tarahan (ID)
Stade (DE);Stade (DE)
Galena Park (US);Galena Park (US)
Málaga (ES);Málaga (ES)
Ponta da Madeira (BR);Ponta da Madeira (BR)
Venezia (IT);Venezia (IT)
Punta Europa Terminal (GQ);Punta Europa Terminal (GQ)
Davant (US);Davant (US)
Port Dalrymple (AU);Port Dalrymple (AU)
Gijón (ES);Gijón (ES)
Douala (CM);Douala (CM)
Tolú (CO);Tolú (CO)
Asaluyeh (IR);Asaluyeh (IR)
La Guaira (VE);La Guaira (VE)
Valparaiso (CL);Valparaiso (CL)
Fortaleza (BR);Fortaleza (BR)
Yangzhou Pt (CN);Yangzhou Pt (CN)
Aracaju (BR);Aracaju (BR)
Rio Haina (DO);Rio Haina (DO)
Kavkaz (RU);Kavkaz (RU)
Garrucha (ES);Garrucha (ES)
Donaldsonville (US);Donaldsonville (US)
Jinjiang (CN);Jinjiang (CN)
Chiwan Pt (CN);Chiwan Pt (CN)
Fangcheng Pt (CN);Fangcheng Pt (CN)
Mejillones (CL);Mejillones (CL)
Puerto Patache (CL);Puerto Patache (CL)
Lisboa (PT);Lisboa (PT)
Port-of-Spain (TT);Port-of-Spain (TT)
Point Comfort (US);Point Comfort (US)
Paramonga (PE);Paramonga (PE)
Garyville (US);Garyville (US)
Dangjin (KR);Dangjin (KR)
Matadi (CD);Matadi (CD)
Qinzhou Pt (CN);Qinzhou Pt (CN)
Tampico (MX);Tampico (MX)
Itapoá (BR);Itapoá (BR)
Saldanha Bay (ZA);Saldanha Bay (ZA)
Tangier (MA);Tangier (MA)
Longkou Pt (CN);Longkou Pt (CN)
İzmir (TR);İzmir (TR)
Santana (BR);Santana (BR)
Antonina (BR);Antonina (BR)
Baytown (US);Baytown (US)
Baton Rouge (US);Baton Rouge (US)
Santa Marta (CO);Santa Marta (CO)
Nansha Pt (CN);Nansha Pt (CN)
Ramallo (AR);Ramallo (AR)
Cabo Negro (CL);Cabo Negro (CL)
Beihai Fucheng Apt (CN);Beihai Fucheng Apt (CN)
Paranaguá (BR);Paranaguá (BR)
Pointe-à-Pitre (GP);Pointe-à-Pitre (GP)
Police (PL);Police (PL)
Bayuquan (CN);Bayuquan (CN)
Pôrto Alegre (BR);Pôrto Alegre (BR)
Ventanas (CL);Ventanas (CL)
Iran (IR);Iran (IR)
Punta Pereyra (UY);Punta Pereyra (UY)
Odesa (UA);Odesa (UA)
Chaguaramas (TT);Chaguaramas (TT)
Iskenderun (TR);Iskenderun (TR)
Aruba (AW);Aruba (AW)
Ingleside (US);Ingleside (US)
Tarjun (ID);Tarjun (ID)
Punta Loyola (AR);Punta Loyola (AR)
Cabedelo Pt (BR);Cabedelo Pt (BR)
Puerto Padre (CU);Puerto Padre (CU)
Lavéra (FR);Lavéra (FR)
Xingang (CN);Xingang (CN)