portOfLading;portOfLadingRegion
Ningpo, China;Eastern Asia
Balboa, Panama;Central America
Taipei, Taiwan;Eastern Asia
Freeport, Grand Bahama I, Bahamas;Caribbean
Chiwan, China;Eastern Asia
Shanghai, China;Eastern Asia
Tsingtao, China;Eastern Asia
Cartagena, Colombia;South America
San Antonio, Chile;South America
Yantian, China;Eastern Asia
La Spezia, Italy;Western Europe
Tanjung Pelepas, Malaysia;South-Eastern Asia
Busan, South Korea;Eastern Asia
Panama Canal Caribbean, Panama;Central America
Singapore, Singapore;South-Eastern Asia
Ningbo, China;Eastern Asia
Hong Kong, Hong Kong;Eastern Asia
Civitavecchia, Italy;Western Europe
Tianjin, China;Eastern Asia
Salerno, Italy;Southern Europe
Vung Tau, Vietnam;South-Eastern Asia
Inchon, South Korea;Eastern Asia
Melbourne, Australia;Australasia
Livorno, Italy;Western Europe
Dagu/Tanggu, China;Eastern Asia
Xiamen, China;Eastern Asia
Fuzhou, China;Eastern Asia
Laem Chabang, Thailand;South-Eastern Asia
Kaohsiung, Taiwan;Eastern Asia
Chennai, India;Southern Asia
Manzanillo, Panama;Central America
Mundra, India;Southern Asia
Victoria, Brazil;South America
Masan, South Korea;Eastern Asia
Livorno, Italy;Southern Europe
Kobe, Japan;Eastern Asia
Genoa, Italy;Southern Europe
Cagliari, Italy;Southern Europe
Genoa, Italy;Western Europe
La Spezia, Italy;Southern Europe
Colombo, Sri Lanka;Southern Asia
Valencia, Spain;Southern Europe
Nagoya, Japan;Eastern Asia
Tokyo, Japan;Eastern Asia
Napier, New Zealand;Australasia
Durban, South Africa;Southern Africa
Civitavecchia, Italy;Southern Europe
Lianyungang, China;Eastern Asia
Soerabaja, Indonesia;South-Eastern Asia
Rotterdam, Netherlands;Western Europe
Vancouver, BC, Canada;North America
All Other Brazil Ports South Of Recife, Brazil;South America
Porto De Sines, Portugal;Southern Europe
Antwerp, Belgium;Western Europe
Auckland, New Zealand;Australasia
Itajai, Brazil;South America
Kajang, Malaysia;South-Eastern Asia
Porto De Sines, Portugal;Western Europe
Mina Raysut, Oman;Western Asia
Algeciras, Spain;Southern Europe
All Other Singapore Ports, Singapore;South-Eastern Asia
Valencia, Spain;Western Europe
Cape Town, South Africa;Southern Africa
New Tuticorin, India;Southern Asia
Jebel Ali, United Arab Emirates;Western Asia
Haifa, Israel;Western Asia
Algeciras, Spain;Western Europe
Bremerhaven, Germany;Western Europe
Kuantan, Malaysia;South-Eastern Asia
Ho Chi Minh City, Vietnam;South-Eastern Asia
Jiangyin, China;Eastern Asia
Sao Paulo, Brazil;South America
Le Havre, France;Western Europe
Port Itapoa, Brazil;South America
Al Aqabah, Jordan;Western Asia
Fuqing, China;Eastern Asia
Fos, France;Western Europe
Nansha, China;Eastern Asia
Piraeus, Greece;Western Europe
All Other China (Taiwan) Ports, Taiwan;Eastern Asia
All Other Peoples Republic of China Ports, China;Eastern Asia
Huangpu, China;Eastern Asia
Cristobal, Panama;Central America
Bur Said, Egypt;Northern Africa
All Other South Korea Ports, South Korea;Eastern Asia
Yokohama, Japan;Eastern Asia
Kanda, Japan;Eastern Asia
Kingston, Jamaica;Caribbean
Hitachi, Japan;Eastern Asia
Callao, Peru;South America
Adelaide, Australia;Australasia
Felixstowe, United Kingdom;Northern Europe
Liverpool, United Kingdom;Western Europe
Goa, India;Southern Asia
Mumbai, India;Southern Asia
Hamburg, Germany;Western Europe
Southhampton, United Kingdom;Western Europe
Southhampton, United Kingdom;Northern Europe
Saint John, Nb, Canada;North America
Point Lisas, Trinidad and Tobago;Caribbean
Puerto Cortes, Honduras;Central America
Manzanillo, Mexico;North America
Bahia De Moin, Costa Rica;Central America
Veracruz, Mexico;Central America
Limon, Costa Rica;Central America
Halifax, Ns, Canada;North America
Manzanillo, Mexico;Central America
Port Au Prince, Haiti;Caribbean
Santo Domingo, Dominican Republic;Caribbean
Puerto Plata, Dominican Republic;Caribbean
Puerto Matias De Galves, Guatemala;Central America
Puerto Barrios, Guatemala;Central America
Madryn, Argentina;South America
Sao Francisco Do Sul, Brazil;South America
Belize, Belize;Central America
All Other Virgin Islands Ports, Virgin Islands (U.S.);Caribbean
Nassau, New Providence I, Bahamas;Caribbean
Coco Cay, Bahamas;Caribbean
Texada, Bc, Canada;North America
Eleuthera Island, Bahamas;Caribbean
Spanish Wells, Bahamas;Caribbean
Bruce Mines, Ont, Canada;North America
Castaway Cay, Bahamas;Caribbean
Bajo Grande, Venezuela;South America
Montevideo, Uruguay;South America
Jawaharlal Nehru, India;Southern Asia
Palembang, Indonesia;South-Eastern Asia
Leixoes, Portugal;Southern Europe
Port Muhammad Bin Qasim, Pakistan;Southern Asia
Pohang, South Korea;Eastern Asia
Nantong, China;Eastern Asia
Haina, Dominican Republic;Caribbean
Songkhla, Thailand;South-Eastern Asia
All Other Viet Nam Ports, Vietnam;South-Eastern Asia
Lido, Italy;Southern Europe
Rio Grande, Brazil;South America
Johore, Malaysia;South-Eastern Asia
Penang, Malaysia;South-Eastern Asia
Karachi, Pakistan;Southern Asia
Buenos Aires, Argentina;South America
Chefoo, China;Eastern Asia
Manila, Philippines;South-Eastern Asia
Chittagong, Bangladesh;Southern Asia
Semarang, Indonesia;South-Eastern Asia
Nanjing, China;Eastern Asia
Adana, Turkey;Western Asia
All Other Chile Ports, Chile;South America
Navegantes, Brazil;South America
Onsan, South Korea;Eastern Asia
Damietta, Egypt;Northern Africa
Barcelona, Spain;Southern Europe
Barcelona, Spain;Western Europe
Naples, Italy;Southern Europe
Muroran, Japan;Eastern Asia
Kamaishi, Japan;Eastern Asia
Oita, Japan;Eastern Asia
Kimitsu, Japan;Eastern Asia
Keelung, Taiwan;Eastern Asia
Istanbul, Turkey;Western Asia
Pecem, Brazil;South America
Cagliari, Italy;Western Europe
Gioia Tauro, Italy;Southern Europe
Bilbao, Spain;Southern Europe
Naples, Italy;Western Europe
Aliaga, Turkey;Western Asia
Salvador, Brazil;South America
Antofagasta, Chile;South America
Port Of Spain, Trinidad and Tobago;Caribbean
Eemshaven, Netherlands;Western Europe
Caucedo, Dominican Republic;Caribbean
Zeebrugge, Belgium;Western Europe
Altamira, Mexico;Central America
All Other Panama West Coast Region Ports, Panama;Central America
Daesan, South Korea;Eastern Asia
Rauma, Finland;Northern Europe
Hai Phong, Vietnam;South-Eastern Asia
Guayaquil, Ecuador;South America
Barranquilla, Colombia;South America
Emden, Germany;Western Europe
Lazaro Cardenas, Mexico;Central America
Bridgetown, Barbados;Caribbean
San Vicente, Chile;South America
Caldera, Costa Rica;Central America
Parham Harbour, Antigua, Antigua And Barbuda;Caribbean
Oxelosund, Sweden;Northern Europe
All Other Mexico East Coast Region Ports, Mexico;Central America
Lazaro Cardenas, Mexico;North America
Altamira, Mexico;North America
Puerto Quetzal, Guatemala;Central America
Marina Di Carrara, Italy;Southern Europe
Saint Georges, Bermuda;North America
Ensenada, Mexico;Central America
All Other Bermuda Ports, Bermuda;North America
Cozumel Island, Mexico;Central America
Georgetown, Cayman Islands;Caribbean
Alexandria, Egypt;Northern Africa
Beirut, Lebanon;Western Asia
Taichung, Taiwan;Eastern Asia
Bangkok, Thailand;South-Eastern Asia
Taoranga, New Zealand;Australasia
Charlotte Amalie, St. Th, Virgin Islands (U.S.);Caribbean
Kowloon, Hong Kong;Eastern Asia
Djakarta, Indonesia;South-Eastern Asia
Sydney, Australia;Australasia
Dairen, China;Eastern Asia
Abidjan, Cote d'Ivoire;Western Africa
Rio De Janeiro, Brazil;South America
Da Nang, Vietnam;South-Eastern Asia
Valletta, Malta;Southern Europe
Felixstowe, United Kingdom;Western Europe
Osaka, Japan;Eastern Asia
Higashi Harima, Japan;Eastern Asia
Yawata, Japan;Eastern Asia
Okinawa Island, Japan;Eastern Asia
Gioia Tauro, Italy;Western Europe
Richard's Bay, South Africa;Southern Africa
Da Chan Bay, China;Eastern Asia
Guam Island, Guam;Micronesia
Hakata, Japan;Eastern Asia
All Other Dominican Republic Ports, Dominican Republic;Caribbean
Kwangyang, South Korea;Eastern Asia
All Other St. Croix Virgin Islands, Virgin Islands (U.S.);Caribbean
Piraeus, Greece;Southern Europe
Admiralty Bay, Saint Vincent and the Grenadines;Caribbean
Tarragona, Spain;Western Europe
Paita, Peru;South America
Tarragona, Spain;Southern Europe
Kawasaki, Japan;Eastern Asia
Puerto Drummond, Colombia;South America
Prince Rupert, Bc, Canada;North America
Puerto Castilla, Honduras;Central America
Veracruz, Mexico;North America
San Pedro, Cote d'Ivoire;Western Africa
All Other Ukraine Ports, Ukraine;Eastern Europe
Malaga, Spain;Western Europe
Milford Haven, United Kingdom;Northern Europe
Quebec, Que, Canada;North America
Meldrum Bay, Canada;North America
Terneuzen, Netherlands;Western Europe
Bowmanville, Ont, Canada;North America
Progreso, Mexico;Central America
Grand Turks, Turks and Caicos Islands;Caribbean
Khor Fakkan, United Arab Emirates;Western Asia
Shekou, China;Eastern Asia
Pipavav, India;Southern Asia
Cochin, India;Southern Asia
Port Chalmers, New Zealand;Australasia
Las Salinas, Chile;South America
All Other India West Coast Ports, India;Southern Asia
Kota Kinabalu, Malaysia;South-Eastern Asia
Tarakan, Indonesia;South-Eastern Asia
Cebu, Philippines;South-Eastern Asia
Arica, Chile;South America
Bremen, Germany;Western Europe
Barcarena, Brazil;South America
Klaipeda, Lithuania;Northern Europe
Porto Corsini, Italy;Southern Europe
Davao, Philippines;South-Eastern Asia
Liverpool, United Kingdom;Northern Europe
Apia, Samoa (Independent);Polynesia
Papeete, Tahiti, French Polynesia;Polynesia
Sepetiba Bay, Brazil;South America
Pago Pago Harbor, American Samoa;Polynesia
Bhavnagar, India;Southern Asia
Lagos, Nigeria;Western Africa
Dublin, Ireland;Northern Europe
Turbo, Colombia;South America
Santa Clara, Brazil;South America
All Other Guatemala West Coast Region Ports, Guatemala;Central America
Puerto Bolivar, Ecuador;South America
San Lucas, Mexico;Central America
Point Fortin, Trinidad and Tobago;Caribbean
Point Tupper, Cbi, Canada;North America
All Other Malaysia Ports, Malaysia;South-Eastern Asia
Guantanamo Bay, Cuba;Caribbean
Coatzacoalcos, Mexico;Central America
All Other Bermuda Ports, Bermuda;Caribbean
Galisbay, Netherlands Antilles;Caribbean
All Other Malta Ports, Malta;Southern Europe
Kinuura, Japan;Eastern Asia
Paramaribo, Suriname;South America
Gemlik, Turkey;Western Asia
Izmir, Turkey;Western Asia
Chen Huang Tao, China;Eastern Asia
Santander, Spain;Southern Europe
Fremantle, Australia;Australasia
Shimizu, Japan;Eastern Asia
Vieux Fort, Saint Lucia;Caribbean
Caleta Patillos, Chile;South America
Acajutla, El Salvador;Central America
Novorossiysk, Russia;Eastern Europe
All Other Turkey Black Sea and Sea of Marmara Port, Turkey;Western Asia
All Other Cayman Island Ports, Cayman Islands;Caribbean
Goderich, Ont, Canada;North America
Philipsborough, Netherlands Antilles;Caribbean
Clyde, United Kingdom;Northern Europe
Brisbane, Australia;Australasia
Pyongtaek, South Korea;Eastern Asia
All Other Colombian Caribbean Region Ports, Colombia;South America
All Other Egypt Mediterranean Region Ports, Egypt;Northern Africa
All Other France Mediterranean Region Ports, France;Western Europe
Rouseau, Dominica;Caribbean
Jose, Venezuela;South America
Christiansted, St. Croix, Virgin Islands (U.S.);Caribbean
Jeddeh, Saudi Arabia;Western Asia
Aarhus, Denmark;Northern Europe
All Other Sumatra Ports, Indonesia;South-Eastern Asia
Fang Cheng, China;Eastern Asia
Geraldton, Australia;Australasia
Georgetown, Guyana;South America
St. George, Grenada;Caribbean
Bimini Island, Bahamas;Caribbean
Amuay Bay, Venezuela;South America
Great Stirrup Cay, Bahamas;Caribbean
Belawan, Indonesia;South-Eastern Asia
Panama Canal  Pacific, Panama;Central America
Haikou, China;Eastern Asia
Suape, Brazil;South America
Belfast, United Kingdom;Northern Europe
All Other Turkey Mediterranean Region Ports, Turkey;Western Asia
All Other Estonia Ports, Estonia;Northern Europe
Road Harbour, Tortola, Virgin Islands (British);Caribbean
Bath, Ont, Canada;North America
Cayo Arcas, Mexico;Central America
Exuma, Bahamas;Caribbean
El Palito, Venezuela;South America
Zhongshan, China;Eastern Asia
Adabiya, Egypt;Northern Africa
Amsterdam, Netherlands;Western Europe
Nelson, New Zealand;Australasia
Corinto, Nicaragua;Central America
All Other Japan Ports, Japan;Eastern Asia
Huelva, Spain;Southern Europe
All Other Canada Pacific Region Ports, Canada;North America
Pajaritos, Mexico;Central America
Great Inagua, Bahamas;Caribbean
Half Moon Cay, Bahamas;Caribbean
Progreso, Mexico;North America
All Other Portugal Ports, Portugal;Southern Europe
All Other Sicily Ports, Italy;Western Europe
Leixoes, Portugal;Western Europe
Punta Arenas, Chile;South America
Goteborg, Sweden;Northern Europe
Hamilton, Bermuda;North America
Nanaimo, Bc, Canada;North America
Mina Saud, Kuwait;Western Asia
Esmeraldas, Ecuador;South America
Port Elizabeth, South Africa;Southern Africa
All Other Republic Of South Africa Ports, South Africa;Southern Africa
All Other Thailand Ports, Thailand;South-Eastern Asia
Tamsui, Taiwan;Eastern Asia
Orangestad, Aruba;Caribbean
Caracas, Venezuela;South America
Heroen, Norway;Northern Europe
Castries, Saint Lucia;Caribbean
Governor's Harbour, Bahamas;Caribbean
Leningrad, Russia;Eastern Europe
Amapala, Honduras;Central America
Sint Eustatius, Netherlands Antilles;Caribbean
Iquique, Chile;South America
All Other Costa Rica West Coast Region Ports, Costa Rica;Central America
Gebze, Turkey;Western Asia
All Other Qatar Ports, Qatar;Western Asia
Guangzhou, China;Eastern Asia
Al Jubail, Saudi Arabia;Western Asia
Porsgrunn, Norway;Northern Europe
All Other Pakistan Ports, Pakistan;Southern Asia
Wismar, Germany;Western Europe
Cat Island, Bahamas;Caribbean
Lido, Italy;Western Europe
Varna, Bulgaria;Eastern Europe
Wuhan, China;Eastern Asia
Teluk Bayur, Indonesia;South-Eastern Asia
All Other Bahrain Ports, Bahrain;Western Asia
Port Mellon, Bc, Canada;North America
Palermo, Italy;Western Europe
Bilbao, Spain;Western Europe
Coatzacoalcos, Mexico;North America
Baie Comeau, Que, Canada;North America
All Other Mexico East Coast Region Ports, Mexico;North America
Ash Shariqah, United Arab Emirates;Western Asia
Gibraltar, Gibraltar;Southern Europe
Mogi, Japan;Eastern Asia
Flushing, Netherlands;Western Europe
Ronnsker, Sweden;Northern Europe
Chiriqui Grande Terminal, Panama;Central America
Samil, South Korea;Eastern Asia
Mizushima, Japan;Eastern Asia
All Other Italy East Coast Ports, Italy;Southern Europe
Basseterre, St. Kitts, Saint Kitts and Nevis;Caribbean
Charlestown, Nevis Is., Saint Kitts and Nevis;Caribbean
Bonny, Nigeria;Western Africa
Kemi, Finland;Northern Europe
All Other Sweden Ports, Sweden;Northern Europe
Zhanjiang, China;Eastern Asia
Ijmuiden, Netherlands;Western Europe
Grangemouth, United Kingdom;Western Europe
Suva, Fiji;Melanesia
Cotonou, Benin;Western Africa
San Lucas, Mexico;North America
Cap Haitien, Haiti;Caribbean
Cap Lopez, Gabon;Middle Africa
Izmit, Turkey;Western Asia
Puerto Cabello, Venezuela;South America
Buenaventura, Colombia;South America
Puerto La Cruz, Venezuela;South America
Maracaibo, Venezuela;South America
Tema, Ghana;Western Africa
All Other United Arab Emirates Ports, United Arab Emirates;Western Asia
All Other Netherlands Antilles Ports, Netherlands Antilles;Caribbean
Corner Brook, Nfld, Canada;North America
Come By Chance, Nfld, Canada;North America
All Other Canada Atlantic Region Ports, Canada;North America
Phuket, Thailand;South-Eastern Asia
Salerno, Italy;Western Europe
Wakayama, Japan;Eastern Asia
Calcutta, India;Southern Asia
Dumai, Indonesia;South-Eastern Asia
All Other Panama Caribbean Region Ports, Panama;Central America
Kandla, India;Southern Asia
Halsingborg, Sweden;Northern Europe
All Other Peru Ports, Peru;South America
All Ports In Cambodia, Cambodia;South-Eastern Asia
Hamilton, Bermuda;Caribbean
Kristiansand N, Norway;Northern Europe
Lirquen, Chile;South America
Providenciales, Turks and Caicos Islands;Caribbean
Adalia, Turkey;Western Asia
Santander, Spain;Western Europe
Puerto De Morales, Mexico;North America
Trieste, Italy;Southern Europe
Military Yokohama, Japan;Eastern Asia
Casablanca, Morocco;Northern Africa
Poti, Georgia;Eastern Europe
Lavera, France;Western Europe
Clarence Town, Bahamas;Caribbean
All Other Ports In Bulgaria, Bulgaria;Eastern Europe
Al Manamah Harbor, Bahrain;Western Asia
Agadir, Morocco;Northern Africa
Augusta, Italy;Southern Europe
Palermo, Italy;Southern Europe
Immingham, United Kingdom;Northern Europe
All Other Morocco Atlantic Region Ports, Morocco;Northern Africa
Port Kembla, Australia;Australasia
Visakhapatnam, India;Southern Asia
All Other Belgium Ports, Belgium;Western Europe
Salonika, Greece;Southern Europe
Gunsan, South Korea;Eastern Asia
All Other Bahamas Ports, Bahamas;Caribbean
Ilheus, Brazil;South America
Porto Corsini, Italy;Western Europe
Bullen Baai, Netherlands Antilles;Caribbean
Victoria, Bc, Canada;North America
Gdynia, Poland;Eastern Europe
All Other Brazil Ports North Of Recife, Brazil;South America
Sidi Kerir, Egypt;Northern Africa
Ras At Tannurah, Saudi Arabia;Western Asia
Fort De France, Martinique;Caribbean
Puerto Bolivar, Colombia;South America
El Ferrol, Spain;Southern Europe
Marseille, France;Western Europe
Ancona, Italy;Southern Europe
Kashima, Japan;Eastern Asia
Cobh, Ireland;Western Europe
Saint Georges, Bermuda;Caribbean
Zhuhai, China;Eastern Asia
All Other Portugal Ports, Portugal;Western Europe
Gamagori, Japan;Eastern Asia
All Other Russia Baltic Region Ports, Russia;Eastern Europe
Hiroshima, Japan;Eastern Asia
Armuelles, Panama;Central America
Tuapse, Russia;Eastern Europe
All Other Malta Ports, Malta;Western Europe
Okrika, Nigeria;Western Africa
Galeota Point, Trinidad and Tobago;Caribbean
All Other Nigeria Ports, Nigeria;Western Africa
All Other India East Coast Ports, India;Southern Asia
Batangas, Philippines;South-Eastern Asia
Karlshamn, Sweden;Northern Europe
Skoldvik, Finland;Northern Europe
Nakhodka, Russia;Eastern Europe
Hiro, Japan;Eastern Asia
Mogpo, South Korea;Eastern Asia
All Other Australia Ports, Australia;Australasia
Samarinda, Indonesia;South-Eastern Asia
Chiba, Japan;Eastern Asia
Tilbury, United Kingdom;Western Europe
Puerto De Morales, Mexico;Central America
Port Louis, Mauritius;Eastern Africa
Sauda, Norway;Northern Europe
Ceara, Brazil;South America
Brake, Germany;Western Europe
Ashdod, Israel;Western Asia
Majorca, Spain;Southern Europe
Pointe A Pierre, Trinidad and Tobago;Caribbean
Norrkoping, Sweden;Northern Europe
All Falkland Islands Ports, Falkland Islands;South America
Barao De Teffe, Brazil;South America
Al Basrah, Iraq;Western Asia
Sept Iles, QUE, Canada;North America
Portland, Australia;Australasia
All Other England South And East Coast Ports, United Kingdom;Northern Europe
Catania, Italy;Southern Europe
Juzhny, Ukraine;Eastern Europe
Port Rhoades, Jamaica;Caribbean
Sorel, Que, Canada;North America
Crofton, Bc, Canada;North America
Tamatave, Madagascar;Eastern Africa
All Other Togo Ports, Togo;Western Africa
Stigsnaes, Denmark;Northern Europe
All Other Spanish Africa N.E.C. Ports, Spain;Southern Europe
Iwakuni, Japan;Eastern Asia
All Other England South And East Coast Ports, United Kingdom;Western Europe
Skikda, Algeria;Northern Africa
Tilbury, United Kingdom;Northern Europe
Tallinn, Estonia;Eastern Europe
Van Anda, Bc, Canada;North America
Maputo, Mozambique;Southern Africa
Dubai, United Arab Emirates;Western Asia
Pulau Bukom, Singapore;South-Eastern Asia
Donges, France;Western Europe
All Other Mozambique Ports, Mozambique;Eastern Africa
Bell Bay, Australia;Australasia
Cobh, Ireland;Northern Europe
Bourgas, Bulgaria;Eastern Europe
Sarnia, Ont, Canada;North America
Andros Island, Bahamas;Caribbean
Pandjang, Indonesia;South-Eastern Asia
Majorca, Spain;Western Europe
Rangoon, Myanmar;South-Eastern Asia
Aviles, Spain;Southern Europe
Luanda, Angola;Middle Africa
Montreal, Que, Canada;North America
Kopar, Slovenia;Southern Europe
Augusta, Italy;Western Europe
Covenas, Colombia;South America
Beale Cove, Bc, Canada;North America
Sluiskil, Netherlands;Western Europe
Bari, Italy;Southern Europe
Cayo Arcas, Mexico;North America
London, United Kingdom;Northern Europe
Cartagena, Spain;Western Europe
Yokkaiti, Japan;Eastern Asia
Tracy, Que, Canada;North America
Valletta, Malta;Western Europe
Dublin, Ireland;Western Europe
All Other Madagascar Ports, Madagascar;Eastern Africa
Gafle, Sweden;Northern Europe
San T Ou, China;Eastern Asia
Praia Mole, Brazil;South America
Milos Island, Greece;Southern Europe
Cat Cay, Bahamas;Caribbean
Constanta, Romania;Eastern Europe
All Other Guatemala Caribbean Region Ports, Guatemala;Central America
All Other Oman Ports, Oman;Western Asia
Arawak Cay, Bahamas;Caribbean
All Other Guadeloupe Ports, Guadeloupe;Caribbean
Hualien, Taiwan;Eastern Asia
Cozumel Island, Mexico;North America
Muuga, Estonia;Northern Europe
Picton, Ont, Canada;North America
Sendai, Japan;Eastern Asia
Tuxpan, Mexico;Central America
All Other Venezuela Ports, Venezuela;South America
Ojibway, Ont, Canada;North America
Yingkou, China;Eastern Asia
Copenhagen, Denmark;Northern Europe
All Other Cameroon Ports, Cameroon;Middle Africa
London, United Kingdom;Western Europe
Vigo, Spain;Western Europe
Kereth, Malaysia;South-Eastern Asia
Aberdeen, United Kingdom;Northern Europe
Grangemouth, United Kingdom;Northern Europe
Cul De Sac, Saint Lucia;Caribbean
Montrose, United Kingdom;Northern Europe
Liverpool, Ns, Canada;North America
Taranto, Italy;Western Europe
Trombetas, Brazil;South America
All Other Russia Black Sea Region Ports, Russia;Eastern Europe
Stockholm, Sweden;Northern Europe
Bedi, India;Southern Asia
All Other Cuba Ports, Cuba;Caribbean
Tokuyama, Japan;Eastern Asia
Stavanger, Norway;Northern Europe
Yarmouth, Ns, Canada;North America
All Other Ireland Ports, Ireland;Northern Europe
Great Harbour Cay, Bahamas;Caribbean
Susaki, Japan;Eastern Asia
Thamesport, United Kingdom;Northern Europe
Bonaberi, Cameroon;Middle Africa
Gijon, Spain;Southern Europe
Puerto De Sagunto, Spain;Southern Europe
Sarroch Oil Terminal, Italy;Southern Europe
Khor Al Zubair, Iraq;Western Asia
Hull, United Kingdom;Northern Europe
Golfito, Costa Rica;Central America
Thamesport, United Kingdom;Western Europe
Pointe A Pitre, Guadeloupe;Caribbean
Beilun, China;Eastern Asia
Ash Shuaiba, Kuwait;Western Asia
All Other Spain Mediterranean Region Ports, Spain;Southern Europe
Guaranao, Venezuela;South America
Aalborg, Denmark;Northern Europe
All Other Norway Ports, Norway;Northern Europe
Malaga, Spain;Southern Europe
Bintulu, Malaysia;South-Eastern Asia
Zamboanga, Philippines;South-Eastern Asia
Bitung, Indonesia;South-Eastern Asia
Butterworth, Malaysia;South-Eastern Asia
All Other Philippines Ports, Philippines;South-Eastern Asia
Sandakan, Malaysia;South-Eastern Asia
Lahad Datu, Malaysia;South-Eastern Asia
Big Creek, Belize;Central America
Palua, Venezuela;South America
Cayman Brac, Cayman Islands;Caribbean
Ocho Rios, Jamaica;Caribbean
All Other Mexico West Coast Region Ports, Mexico;Central America
Sevilla, Spain;Southern Europe
Yang Shan, China;Eastern Asia
Fawley, United Kingdom;Northern Europe
Funchal, Portugal;Southern Europe
Portsmouth, Dominica;Caribbean
Walvis Bay, Namibia;Southern Africa
Harmac, Bc, Canada;North America
Ilichevsk, Ukraine;Eastern Europe
Aigion, Greece;Western Europe
Coquimbo, Chile;South America
Kerch, Ukraine;Eastern Europe
Riga, Latvia;Northern Europe
Vigo, Spain;Southern Europe
Reykjavik, Iceland;Northern Europe
Noumea, New Caledonia;Melanesia
Ponta Delgada, Portugal;Southern Europe
Wenzhow, China;Eastern Asia
Dadiangas, Philippines;South-Eastern Asia
Aarhus, Denmark;Western Europe
Monfalcone, Italy;Southern Europe
Cadiz, Spain;Western Europe
All Other New Zealand Ports, New Zealand;Australasia
New Westminster, Bc, Canada;North America
Wellington, New Zealand;Australasia
All Other Iceland Ports, Iceland;Northern Europe
Cartagena, Spain;Southern Europe
Ilo, Peru;South America
Hamilton, Ont, Canada;North America
Danzig, Poland;Eastern Europe
Harburg, Germany;Western Europe
Gros Cacouna, Que, Canada;North America
Ensenada, Mexico;North America
Montego Bay, Jamaica;Caribbean
Alger, Algeria;Northern Africa
Tallinn, Estonia;Northern Europe
All Other Congo(Kinshasha) Ports, Congo;Middle Africa
Dunkerque, France;Western Europe
Beira, Mozambique;Eastern Africa
Bahia De Las Calderas, Dominican Republic;Caribbean
Greenock, United Kingdom;Northern Europe
Toronto, Ont, Canada;North America
Malabo, Equatorial Guinea;Middle Africa
Mantyluoto, Finland;Northern Europe
Lisbon, Portugal;Western Europe
Rosario, Argentina;South America
Marsaxlokk, Malta;Southern Europe
Caldera, Chile;South America
All Other Spain Mediterranean Region Ports, Spain;Western Europe
Castellon, Spain;Western Europe
All Other Argentina Ports, Argentina;South America
Castellon, Spain;Southern Europe
Fort Williams, Ont, Canada;North America
Dongfeng, China;Eastern Asia
Kaliningrad, Russia;Eastern Europe
Cadiz, Spain;Southern Europe
Bahia Guanta, Venezuela;South America
Le Verdon, France;Western Europe
Ad Dammam, Saudi Arabia;Western Asia
Mangalore, India;Southern Asia
Punta Cardon, Venezuela;South America
Timaru, New Zealand;Australasia
All Other Costa Rica Caribbean Region Ports, Costa Rica;Central America
Soyo Oil Terminal, Angola;Middle Africa
Lisbon, Portugal;Southern Europe
Kasaoka, Japan;Eastern Asia
Trieste, Italy;Western Europe
Horsens, Denmark;Northern Europe
Port Cartier, Que, Canada;North America
Delfzijl, Netherlands;Western Europe
Tanger, Morocco;Northern Africa
Masset, Bc, Canada;North America
Bella Coola, Bc, Canada;North America
Gladstone, Australia;Australasia
Paranam, Suriname;South America
Bunbury, Australia;Australasia
All Other Suriname Ports, Suriname;South America
Kamsar, Guinea;Western Africa
Oporto, Portugal;Southern Europe
All Other Guinea Ports, Guinea;Western Africa
Matanzas, Venezuela;South America
Forcados, Nigeria;Western Africa
All Other Congo(Brazzaville) Ports, Congo;Middle Africa
Plymouth, United Kingdom;Northern Europe
Guanaja, Honduras;Central America
Aratu, Brazil;South America
Puerto De Sagunto, Spain;Western Europe
Zarate, Argentina;South America
Kardeljevo, Croatia;Southern Europe
Pasages, Spain;Southern Europe
Becancour, Que, Canada;North America
Thessalon, Ont, Canada;North America
Townsville, Australia;Australasia
Riga, Latvia;Eastern Europe
Dieppe, France;Western Europe
Aigion, Greece;Southern Europe
Iali, Greece;Southern Europe
All Other Nicaragua Caribbean Region Ports, Nicaragua;Central America
North Tees, United Kingdom;Northern Europe
Algoma, Ont, Canada;North America
All Moluccas Ports, Indonesia;South-Eastern Asia
Fiume, Croatia;Southern Europe
Linden, Guyana;South America
All Solomon Islands Ports, Solomon Islands;Melanesia
Clifton Pier, Bahamas;Caribbean
Rouen, France;Western Europe
Clarence Bay, Ascension Is, St. Helena;Western Africa
Hess Oil Term. St. Croix, Virgin Islands (U.S.);Caribbean
Itaqui, Brazil;South America
Ponta Da Madeira, Brazil;South America
Bandirma, Turkey;Western Asia
Ellesmere, United Kingdom;Northern Europe
Catania, Italy;Western Europe
All Other Italy West Coast Ports, Italy;Southern Europe
Limhamn, Sweden;Northern Europe
Manzanillo, Dominican Republic;Caribbean
San Jose, Guatemala;Central America
San Pedro De Macoris, Dominican Republic;Caribbean
La Romana, Dominican Republic;Caribbean
Tomakomai, Japan;Eastern Asia
Plymouth, United Kingdom;Western Europe
Shibenik, Croatia;Southern Europe
Batumi, Georgia;Eastern Europe
All Other Kuwait Ports, Kuwait;Western Asia
Murmansk, Russia;Eastern Europe
All Other Equatorial Guinea Ports, Equatorial Guinea;Middle Africa
La Paz, Mexico;Central America
Uddevalla, Sweden;Northern Europe
Arzew, Algeria;Northern Africa
Brass, Nigeria;Western Africa
San Nicolas Bay, Aruba;Caribbean
All Other Gabon Ports, Gabon;Middle Africa
All Other Angola Ports, Angola;Middle Africa
Kotka, Finland;Northern Europe
Chub Cay, Bahamas;Caribbean
Bayside, Nb, Canada;North America
Mindelo, Cape Verde;Western Africa
All Other Jamaica Ports, Jamaica;Caribbean
Tan Cang, Vietnam;South-Eastern Asia
Vostochnyy, Russia;Eastern Europe
Rostock, Germany;Western Europe
El Tablazo, Venezuela;South America
Funchal, Portugal;Western Europe
All Other Uruguay Ports, Uruguay;South America
Stettin, Poland;Eastern Europe
All Other Poland Ports, Poland;Eastern Europe
Gand, Belgium;Western Europe
Iligan, Philippines;South-Eastern Asia
Sheet Harbour, Ns, Canada;North America
All Other Trinidad Ports, Trinidad and Tobago;Caribbean
Port Alberni, Bc, Canada;North America
All Other Russia Eastern Region Ports, Russia;Eastern Europe
Labadee, Haiti;Caribbean
Bei Hai, China;Eastern Asia
All Other Society Islands Ports, French Polynesia;Polynesia
Ancona, Italy;Western Europe
Piombino, Italy;Southern Europe
Port Hardy, Bc, Canada;North America
Mongstad, Norway;Northern Europe
General San Martin, Peru;South America
Helsingfors, Finland;Northern Europe
All Other Sicily Ports, Italy;Southern Europe
Bluefields, Nicaragua;Central America
Dakar, Senegal;Western Africa
Lome, Togo;Western Africa
Freetown, Sierra Leone;Western Africa
Conakri, Guinea;Western Africa
All Other Germany Baltic Region Ports, Germany;Western Europe
All Other Cape Verde Ports, Cape Verde;Western Africa
Talara, Peru;South America
All Other Finland Ports, Finland;Northern Europe
Monfalcone, Italy;Western Europe
All Other Fiji Islands Ports, Fiji;Melanesia
Takoradi, Ghana;Western Africa
Acapulco, Mexico;Central America
Esquivel, Jamaica;Caribbean
Tanjong Pandan, Indonesia;South-Eastern Asia
Tuxpan, Mexico;North America
Santiago, Chile;South America
All Other Libya Ports, Libya;Northern Africa
Manaus, Brazil;South America
Nador, Morocco;Northern Africa
Pointe Noire, Congo;Middle Africa
All Other Equatorial Guinea Ports, Equatorial Guinea;Western Africa
Sydney, Ns, Canada;North America
All Other Newfoundland Ports, Canada;North America
All Other Caicos Islands, Turks and Caicos Islands;Caribbean
Jervis Inlet, Bc, Canada;North America
Powell River, Bc, Canada;North America
Kribi, Cameroon;Middle Africa
Sundsvall, Sweden;Northern Europe
Las Palmas, Spain;Western Europe
Kingston, Ont, Canada;North America
Saffi, Morocco;Northern Africa
Manchester, United Kingdom;Western Europe
All Other England West Coast Ports, United Kingdom;Northern Europe
Aabenraa, Denmark;Northern Europe
Halden, Norway;Northern Europe
Campana, Argentina;South America
Aalborg, Denmark;Western Europe
Esbjerg, Denmark;Northern Europe
Matarani, Peru;South America
All Other Saudi Arabia Ports, Saudi Arabia;Western Asia
All Marshall Island Ports, Marshall Islands;Micronesia
Chemainus, Bc, Canada;North America
All Other Italy West Coast Ports, Italy;Western Europe
Giresun, Turkey;Western Asia
All Other Java Ports, Indonesia;South-Eastern Asia
Horsens, Denmark;Western Europe
Oslo, Norway;Northern Europe
All Other El Salvador Ports, El Salvador;Central America
Cerros Island, Mexico;Central America
Isla San Andres, Colombia;South America
All Other Ireland Ports, Ireland;Western Europe
All Other Netherlands Ports, Netherlands;Western Europe
Victoria, Pei, Canada;North America
All Other France Atlantic Region Ports, France;Western Europe
Ocean Cay, Bahamas;Caribbean
All Other Estonia Ports, Estonia;Eastern Europe
Aabenraa, Denmark;Western Europe
Port Alice, Bc, Canada;North America
Iquitos, Peru;South America
Mab Ta Pud, Thailand;South-Eastern Asia
Escravos, Nigeria;Western Africa
Wilhelmshaven, Germany;Western Europe
Muuga, Estonia;Eastern Europe
Asnaes, Denmark;Northern Europe
Malabo, Equatorial Guinea;Western Africa
Sakaide, Japan;Eastern Asia
Imbituba, Brazil;South America
Almirante, Panama;Central America
Rada Di Vado, Italy;Southern Europe
Owendo, Gabon;Middle Africa
Pembroke, United Kingdom;Northern Europe
Montrose, United Kingdom;Western Europe
Salten, Norway;Northern Europe
Muara Port, Brunei Darussalam;South-Eastern Asia
Angra Dos Reis, Brazil;South America
Mamonal, Colombia;South America
Hound Point, United Kingdom;Northern Europe
Alexandretta, Turkey;Western Asia
All Other Ivory Coast Ports, Cote d'Ivoire;Western Africa
Whiffen Head, Nfld, Canada;North America
All Other Colombia West Coast Region Ports, Colombia;South America
Sullom Voe, United Kingdom;Northern Europe
Ras Gharib, Egypt;Northern Africa
Dhuba, Saudi Arabia;Western Asia
All Other Wales Ports, United Kingdom;Northern Europe
All Other Russia Siberia Region Ports, Russia;Eastern Europe
Ventspils, Latvia;Northern Europe
Gela, Italy;Southern Europe
Corunna, Spain;Southern Europe
La Pampilla, Peru;South America
Mina Abd Fahl, Oman;Western Asia
Djeno Terminal, Congo;Middle Africa
Al Mukalla, Yemen;Western Asia
Tumaco, Colombia;South America
Hakodate, Japan;Eastern Asia
Sechelt, Bc, Canada;North America
Yokosuka, Japan;Eastern Asia
Bogen, Norway;Northern Europe
All Other Indonesia Ports, Indonesia;South-Eastern Asia
Salina Cruz, Mexico;Central America
Bontang, Indonesia;South-Eastern Asia
Carmen, Mexico;Central America
Bari, Italy;Western Europe
Richmond, Bc, Canada;North America
Pola, Croatia;Southern Europe
Pulau Sambu, Indonesia;South-Eastern Asia
Windsor, Ont, Canada;North America
Olongapo, Philippines;South-Eastern Asia
Howie Sound, Bc, Canada;North America
Hon Gai, Vietnam;South-Eastern Asia
Matrah, Oman;Western Asia
Gustavia, Guadeloupe;Caribbean
Cayuga, Ont, Canada;North America
Fredericia, Denmark;Northern Europe
Puerto Vallarta, Mexico;Central America
Puerto Vallarta, Mexico;North America
All Other Mexico West Coast Region Ports, Mexico;North America
All Other Haiti Ports, Haiti;Caribbean
Guayacan, Chile;South America
Port Moresby, Papua New Guinea;Melanesia
Campeche, Mexico;Central America
Victoria Harbor, Ont, Canada;North America
Santa Cruz De Tenerife, Spain;Southern Europe
Charlottetown, Pei, Canada;North America
Virgin  Gorda, Virgin Islands (British);Caribbean
Brindisi, Italy;Southern Europe
Fukuyama, Japan;Eastern Asia
Santa Rosalia, Mexico;Central America
Maceio, Brazil;South America
Diego Garcia, British Indian Ocean Territory;Eastern Africa
Huelva, Spain;Western Europe
Halmstad, Sweden;Northern Europe
Port Gentil, Gabon;Middle Africa
Kudamatsu, Japan;Eastern Asia
Port Moody, Bc, Canada;North America
Malongo Oil Terminal, Angola;Middle Africa
Balao, Ecuador;South America
Dos Bocas, Mexico;Central America
Eregli, Turkey;Western Asia
All Other Scotland West Coast Ports, United Kingdom;Northern Europe
All Other Scotland East Coast Ports, United Kingdom;Northern Europe
Musayid, Qatar;Western Asia
Ras Laffan, Qatar;Western Asia
Cap  Limboh, Cameroon;Middle Africa
Moanda Terminal, Congo;Middle Africa
Cinta Terminal, Indonesia;South-Eastern Asia
Burnaby, Bc, Canada;North America
All Other Iraq Ports, Iraq;Western Asia
Haldia, India;Southern Asia
All Other Jordan Ports, Jordan;Western Asia
Aomori, Japan;Eastern Asia
All Other Israel Mediterranean Area Ports, Israel;Western Asia
Mackay, Australia;Australasia
Bundaberg, Australia;Australasia
Al Fuhayhil, Kuwait;Western Asia
Frederiksted, St. Croix, Virgin Islands (U.S.);Caribbean
Frederikshavn, Denmark;Northern Europe
Manchester, United Kingdom;Northern Europe
El Guamache, Venezuela;South America
All Other North Korea Ports, North Korea;Eastern Asia
Avonmouth, United Kingdom;Northern Europe
Tel Aviv Yafo, Israel;Western Asia
St. Pierre, St. Pierre and Miquelon;North America
La Libertad, Ecuador;South America
Port Sudan, Sudan;Northern Africa
Dartmouth, Ns, Canada;North America
Mulgrave, Ns, Canada;North America
Saint John's, Nfld, Canada;North America
All Other Paraguay Ports, Paraguay;South America
Taranto, Italy;Southern Europe
Wakamatsu, Japan;Eastern Asia
Port Talbot, United Kingdom;Western Europe
Elefsis, Greece;Southern Europe
Puerto Colombia, Colombia;South America
All Other Honduras Caribbean Region Ports, Honduras;Central America
Havana, Cuba;Caribbean
Pulupandan, Philippines;South-Eastern Asia
Fredericia, Denmark;Western Europe
All Caroline Islands Ports, Kiribati;Micronesia
All Gilbert Islands Ports, Kiribati;Micronesia
Christmas Island, Kiribati;Micronesia
Toulon, France;Western Europe
All Other Germany Atlantic Region Ports, Germany;Western Europe
Salaverry, Peru;South America
Nagasaki, Japan;Eastern Asia
Fujairah, United Arab Emirates;Western Asia
Hoganas, Sweden;Northern Europe
Manta, Ecuador;South America
Monrovia, Liberia;Western Africa
Saint Marc, Haiti;Caribbean
Bukpyung, South Korea;Eastern Asia
Argentia, Nfld, Canada;North America
Rarotonga Island, New Zealand;Australasia
Al Kuwayt, Kuwait;Western Asia
All Other Egypt Red Sea Region Ports, Egypt;Northern Africa
Campbell River, Bc, Canada;North America
Butzfleth, Germany;Western Europe
Bahia Blanca, Argentina;South America
Mexico, Mexico;Central America
Macao, Macau;Eastern Asia
Holmsund, Sweden;Northern Europe
All Other Italy East Coast Ports, Italy;Western Europe
Aalesund, Norway;Northern Europe
Puerto Ordaz, Venezuela;South America
Barcadera, Aruba;Caribbean
Huizhou, China;Eastern Asia
Cerros Island, Mexico;North America
Calais, France;Western Europe
Kita Kyushu, Japan;Eastern Asia
Senipah Terminal, Indonesia;South-Eastern Asia
Puerto Henecan, Honduras;Central America
Recife, Brazil;South America
Punta Morales, Costa Rica;Central America
San Marcos Island, Mexico;Central America
Botany Bay, Australia;Australasia
Milazzo, Italy;Southern Europe
Mohammedia, Morocco;Northern Africa
Bejaia, Algeria;Northern Africa
Nigg Bay, United Kingdom;Northern Europe
Dundee, United Kingdom;Northern Europe
Elefsis, Greece;Western Europe
Port Jerome, France;Western Europe
All Other Lithuania Ports, Lithuania;Eastern Europe
Kagoshima, Japan;Eastern Asia
Derince, Turkey;Western Asia
Marsaxlokk, Malta;Western Europe
La Palma, Panama;Central America
Kwa Ibo Terminal, Nigeria;Western Africa
Nanticoke, ONT, Canada;North America
All Other Syria Ports, Syria;Western Asia
All Other Papua New Guinea Ports, Papua New Guinea;Melanesia
Al Juaymah, Saudi Arabia;Western Asia
Gamba, Gabon;Middle Africa
Heraklion, Greece;Southern Europe
Matadi, Congo;Middle Africa
All Other Romania Ports, Romania;Eastern Europe
Terceira Island, Portugal;Western Europe
Lulea, Sweden;Northern Europe
Degrad Des Cannes, French Guiana;South America
Auld's Cove, Ns, Canada;North America
Tanjiajing, China;Eastern Asia
Christchurch, New Zealand;Australasia
Seibu, Japan;Eastern Asia
Hirohata, Japan;Eastern Asia
Montoir, France;Western Europe
Kristiansand S, Norway;Northern Europe
Basse Terre, Guadeloupe;Caribbean
Caleta Cordova, Argentina;South America
Pto. General San Martin, Argentina;South America
Kings North, United Kingdom;Northern Europe
Shiogama, Japan;Eastern Asia
Barahona, Dominican Republic;Caribbean
Maputo, Mozambique;Eastern Africa
All Other Spain Atlantic Region Ports North Of Por, Spain;Southern Europe
Mina Sulman, Bahrain;Western Asia
Topolobampo, Mexico;North America
Terceira Island, Portugal;Southern Europe
All Other Greenland, Greenland;North America
New Amsterdam, Guyana;South America
Braefoot Bay, United Kingdom;Northern Europe
Almeria, Spain;Southern Europe
Vasteras, Sweden;Northern Europe
Dongguan, China;Eastern Asia
All Other Spain Atlantic Region Ports Southeast Of, Spain;Western Europe
Bebington, United Kingdom;Northern Europe
Rocky Point, Jamaica;Caribbean
All Other Angola Ports, Angola;Southern Africa
Goto Oil Terminal, Netherlands Antilles;Caribbean
Motril, Spain;Southern Europe
All Other Spanish Africa N.E.C. Ports, Spain;Western Europe
Miragoane, Haiti;Caribbean
San Pedro, Argentina;South America
Bonaberi, Cameroon;Western Africa
All Other Algeria Ports, Algeria;Northern Africa
Lobito, Angola;Middle Africa
Kopar, Slovenia;Eastern Europe
Ouleborg, Finland;Northern Europe
Vaasa, Finland;Northern Europe
Three Rivers, Que, Canada;North America
El Jorf Lasfar, Morocco;Northern Africa
All Other Croatia Ports, Croatia;Southern Europe
La Salina, Venezuela;South America
All Other Kenya Ports, Kenya;Eastern Africa
Clarkson, Ont, Canada;North America
La Plata, Argentina;South America
Gijon, Spain;Western Europe
Gibraltar, Gibraltar;Western Europe
Puerto Miranda, Venezuela;South America
Klaipeda, Lithuania;Eastern Europe
Other Belize Ports, Belize;Central America
Kuala Selangor, Malaysia;South-Eastern Asia
Borg Hbr., Norway;Northern Europe
Bassens, France;Western Europe
Stephenville, Nl, Canada;North America
Birkenhead, United Kingdom;Western Europe
Saint Jean, Que, Canada;North America
Oguendjo Terminal, Gabon;Middle Africa
Aden, Yemen;Western Asia
Birkenhead, United Kingdom;Northern Europe
Santa Panagia, Italy;Southern Europe
Hartlepool, United Kingdom;Northern Europe
Necochea, Argentina;South America
Lakeview, Ont, Canada;North America
All Other Spain Atlantic Region Ports Southeast Of, Spain;Southern Europe
Rosarito, Mexico;Central America
All Other Morocco Mediterranean Ports, Morocco;Northern Africa
Lu Shun, China;Eastern Asia
Cam Rahn Bay, Vietnam;South-Eastern Asia
Weipa, Australia;Australasia
Moerdjik, Netherlands;Western Europe
Belledune, Nb, Canada;North America
Pictou, Ns, Canada;North America
Vladivostok, Russia;Eastern Europe
Imari, Japan;Eastern Asia
Falmouth, United Kingdom;Northern Europe
Oshawa, Ont, Canada;North America
Port Gentil, Gabon;Western Africa
Copenhagen, Denmark;Western Europe
Brunsbuttel, Germany;Western Europe
Doha, Qatar;Western Asia
Abu Zabi, United Arab Emirates;Western Asia
Al Ladhiqiyah, Syria;Western Asia
Caronte, France;Western Europe
Thames Haven, United Kingdom;Northern Europe
All Other Honduras West Coast Region Ports, Honduras;Central America
Alert Bay, Bc, Canada;North America
Salonika, Greece;Western Europe
Cherbourg, France;Western Europe
Tobata, Japan;Eastern Asia
Brussels, Belgium;Western Europe
Hull, United Kingdom;Western Europe
Fredrikshamn, Finland;Northern Europe
Tunis, Tunisia;Northern Africa
Aughinish, Ireland;Western Europe
Quintero, Chile;South America
Ponta Delgada, Portugal;Western Europe
Jose Panganiban, Philippines;South-Eastern Asia
Swinemunde, Poland;Eastern Europe
Nova Scotia, Canada;North America
Dos Bocas, Mexico;North America
Thames Haven, United Kingdom;Western Europe
Praia, Portugal;Southern Europe
Bahia De Las Minas, Panama;Central America
Las Palmas, Spain;Southern Europe
Madre De Deus, Brazil;South America
Aagotnes, Norway;Northern Europe
East London, South Africa;Southern Africa
Gonaives, Haiti;Caribbean
Volos, Greece;Southern Europe
Tocopilla, Chile;South America
Mariupol, Ukraine;Eastern Europe
Berdyansk, Ukraine;Eastern Europe
Alicante, Spain;Southern Europe
All Other Brunei Ports, Brunei Darussalam;South-Eastern Asia
All Other Tunisia Ports, Tunisia;Northern Africa
Stewart, Bc, Canada;North America
All Other Kalimantan Ports, Indonesia;South-Eastern Asia
Dar Es Salaam, Tanzania;Eastern Africa
Santa Rosalia, Mexico;North America
San Marcos Island, Mexico;North America
Redcar, United Kingdom;Northern Europe
All Other Denmark Ports, Denmark;Northern Europe
Ofunato, Japan;Eastern Asia
All Other Ecuador Ports, Ecuador;South America
Anguilla, Anguilla;Caribbean
Guaymas, Mexico;Central America
New Plymouth, New Zealand;Australasia
Cardiff, United Kingdom;Northern Europe
Cumana, Venezuela;South America
Eilat, Israel;Western Asia
Sooke, Bc, Canada;North America
Ras Lanuf, Libya;Northern Africa
All Other Namibia Ports, Namibia;Southern Africa
Sfax, Tunisia;Northern Africa
Blacks Harbor, Nb, Canada;North America
Dordrecht, Netherlands;Western Europe
Robert's Bank, Bc, Canada;North America
Buayan, Philippines;South-Eastern Asia
Chen Hai, South Korea;Eastern Asia
Hobart, Australia;Australasia
All Other Denmark Ports, Denmark;Western Europe
Wallhamn, Sweden;Northern Europe
All Other Nicaragua West Coast Region Ports, Nicaragua;Central America
Ain Sukhna, Egypt;Northern Africa
Cabinda, Angola;Middle Africa
Pointe Des Galets, Reunion;Eastern Africa
Djibouti, Djibouti;Eastern Africa
Bull Arm, Nfld, Canada;North America
Berbera, Somalia;Eastern Africa
Greenock, United Kingdom;Western Europe
Bjorneborg, Finland;Northern Europe
Kardeljevo, Croatia;Eastern Europe
Topolobampo, Mexico;Central America
Vallvik, Sweden;Northern Europe
Santa Cruz De La Palma, Spain;Southern Europe
All Other British Indian Ocean Territory, British Indian Ocean Territory;Eastern Africa
Newcastle On Tyne, United Kingdom;Northern Europe
Milos Island, Greece;Western Europe
Onahama, Japan;Eastern Asia
Niihama, Japan;Eastern Asia
Boca Chica, Dominican Republic;Caribbean
Sapele, Nigeria;Western Africa
Mombasa, Kenya;Eastern Africa
Kokura, Japan;Eastern Asia
Tramandai, Brazil;South America
Tagonoura, Japan;Eastern Asia
Saint Nazaire, France;Western Europe
All Other New Caledonia Ports, New Caledonia;Melanesia
Hammerfest, Norway;Northern Europe
Korsakov, Russia;Eastern Europe
Little Narrows, Cbi, Canada;North America
All Other Canada Great Lakes Region Ports, Canada;North America
Gravenhage, Netherlands;Western Europe
Leamington, Ont, Canada;North America
Bei Jao, China;Eastern Asia
All Other England West Coast Ports, United Kingdom;Western Europe
Immingham, United Kingdom;Western Europe
Limassol, Cyprus;Western Asia
Swansea, United Kingdom;Northern Europe
Shimonoseki, Japan;Eastern Asia
Porto Vesme, Italy;Southern Europe
Tanga, Tanzania;Eastern Africa
Lyttelton, New Zealand;Australasia
Limon, Honduras;Central America
All Other Sulawesi Ports, Indonesia;South-Eastern Asia
Lalang Terminal, Indonesia;South-Eastern Asia
Port Hedland, Australia;Australasia
Guaymas, Mexico;North America
Lumut, Malaysia;South-Eastern Asia
Rada Di Vado, Italy;Western Europe
All Other Latvia Ports, Latvia;Northern Europe
Setubal, Portugal;Southern Europe
Annaba, Algeria;Northern Africa
All Other Mozambique Ports, Mozambique;Southern Africa
Soyo Oil Terminal, Angola;Southern Africa
San Nicolas, Peru;South America
Mo I Rana, Norway;Northern Europe
Pembroke, United Kingdom;Western Europe
Levis, Que, Canada;North America
All Other Cyprus Ports, Cyprus;Western Asia
Alvaro Obregon, Mexico;Central America
La Fitteau, Haiti;Caribbean
All Other Guyana Ports, Guyana;South America
Marsa Al Hariga, Libya;Northern Africa
Zavia, Libya;Northern Africa
Europoort, Netherlands;Western Europe
Ukpokiti, Nigeria;Western Africa
Banzart, Tunisia;Northern Africa
All Other Ghana Ports, Ghana;Western Africa
Harbour Grace, Nfld, Canada;North America
Nacala, Mozambique;Eastern Africa
Nacala, Mozambique;Southern Africa
Larvik, Norway;Northern Europe
Portbury, United Kingdom;Northern Europe
Calabar, Nigeria;Western Africa
Ube, Japan;Eastern Asia
Talcahuano, Chile;South America
Nystad, Finland;Northern Europe
Ko Sichang, Thailand;South-Eastern Asia
All Other Sierra Leone Ports, Sierra Leone;Western Africa
Beira, Mozambique;Southern Africa
As Sidr, Libya;Northern Africa
Kuching, Malaysia;South-Eastern Asia
Sakai, Japan;Eastern Asia
Luanda, Angola;Southern Africa
Ceuta, Spain;Southern Europe
La Paz, Mexico;North America
All Other Croatia Ports, Croatia;Eastern Europe
Rabaul, Papua New Guinea;Melanesia
Dampier, Australia;Australasia
Falkenberg, Sweden;Northern Europe
Lobito, Angola;Southern Africa
Delta Bc, Canada;North America
Port Johnstown, Ont, Canada;North America
Libreville, Gabon;Middle Africa
Geelong, Australia;Australasia
Sevilla, Spain;Western Europe
Golfo De Palmas, Italy;Western Europe
North Tees, United Kingdom;Western Europe
Mitilini, Greece;Southern Europe
Rupert Inlet, Que, Canada;North America
Comodoro Rivadavia, Argentina;South America
Pasages, Spain;Western Europe
Kings North, United Kingdom;Western Europe
Matsunaga, Japan;Eastern Asia
All Other British Indian Ocean Territory, British Indian Ocean Territory;Southern Asia
Pajaritos, Mexico;North America
Salina Cruz, Mexico;North America
Miri, Malaysia;South-Eastern Asia
Hachinohe, Japan;Eastern Asia
Fiume, Croatia;Eastern Europe
Belfast, United Kingdom;Western Europe
Puerto Cabezas, Nicaragua;Central America
All Other Northern Ireland Ports, United Kingdom;Northern Europe
Legaspi, Philippines;South-Eastern Asia
Caleta Barquito, Chile;South America
Brest, France;Western Europe
Himezi, Japan;Eastern Asia
Zafira, Equatorial Guinea;Middle Africa
Matsushima, Japan;Eastern Asia
Sri Racha, Thailand;South-Eastern Asia
Drammen, Norway;Northern Europe
Ciudad Bolivar, Venezuela;South America
Sao Sebastio, Brazil;South America
Walker Cay, Bahamas;Caribbean
Milazzo, Italy;Western Europe
Port Hawkesbury, Ns, Canada;North America
British Columbia, Canada;North America
Setubal, Portugal;Western Europe
Jacmel, Haiti;Caribbean
As Sukhayrah, Tunisia;Northern Africa
Gold River, Bc, Canada;North America
Palanca Terminal, Angola;Middle Africa
Bauan, Philippines;South-Eastern Asia
Valleyfield, Que, Canada;North America
Libreville, Gabon;Western Africa
Arlen Siu, Nicaragua;Central America
Eastham, United Kingdom;Northern Europe
Kitimat, Bc, Canada;North America
Isdemir, Turkey;Western Asia
Arjuna Terminal, Indonesia;South-Eastern Asia
Golfo De Palmas, Italy;Southern Europe
Warri, Nigeria;Western Africa
Puntarenas, Costa Rica;Central America
Washington Island, Kiribati;Micronesia
Aberdeen, United Kingdom;Western Europe
Nordenham, Germany;Western Europe
Joao Pessoa, Brazil;South America
Macassar, Indonesia;South-Eastern Asia
Palu, Indonesia;South-Eastern Asia
Mazatlan, Mexico;Central America
Samana, Dominican Republic;Caribbean
All Other Iran Ports, Iran;Southern Asia
Moss, Norway;Northern Europe
Middlesbrough, United Kingdom;Northern Europe
Sodegaura, Japan;Eastern Asia
All Other West New Guinea Ports, Indonesia;South-Eastern Asia
Marigot, St. Martin, Guadeloupe;Caribbean
All Other Liberia Ports, Liberia;Western Africa
Taicang, China;Eastern Asia
Gabes, Tunisia;Northern Africa
Cabo Rojo, Dominican Republic;Caribbean
Aughinish, Ireland;Northern Europe
Bebington, United Kingdom;Western Europe
Cowichan Bay, Bc, Canada;North America
Blubber Bay, Bc, Canada;North America
Tela, Honduras;Central America
Takula, Angola;Middle Africa
Isla Mujeres, Mexico;Central America
All Other Spain Atlantic Region Ports North Of Por, Spain;Western Europe
Ahus, Sweden;Northern Europe
Carmen, Mexico;North America
All Other Lithuania Ports, Lithuania;Northern Europe
Marsa Al Brega, Libya;Northern Africa
Antan Terminal, Nigeria;Western Africa
Ventspils, Latvia;Eastern Europe
Santan Terminal, Indonesia;South-Eastern Asia
Point Ubu, Brazil;South America
Newcastle, Australia;Australasia
Perth, Australia;Australasia
Savona, Italy;Southern Europe
Yalova, Turkey;Western Asia
Kastel Sucurac, Croatia;Southern Europe
Tacloban, Philippines;South-Eastern Asia
Chetumal, Mexico;Central America
Yombo, Congo;Middle Africa
Mazatlan, Mexico;North America
Tinian, Northern Mariana Islands;Micronesia
Benghazi, Libya;Northern Africa
Pennington, Nigeria;Western Africa
Porto Torres, Italy;Southern Europe
Mourilyan Harbour, Australia;Australasia
Savanna La Mar, Jamaica;Caribbean
Port Alfred, Que, Canada;North America
Raahe, Finland;Northern Europe
Timor, Indonesia;South-Eastern Asia
Acapulco, Mexico;North America
All Other Cameroon Ports, Cameroon;Western Africa
Sarroch Oil Terminal, Italy;Western Europe
Holtenau, Germany;Western Europe
Edinburgh, United Kingdom;Northern Europe
Military Port Kelang, Malaysia;South-Eastern Asia
Cuxhaven, Germany;Western Europe
All Other Mauritania Ports, Mauritania;Western Africa
Stenungsund, Sweden;Northern Europe
Owendo, Gabon;Western Africa
Fawley, United Kingdom;Western Europe
Kastel Sucurac, Croatia;Eastern Europe
Maaloy, Norway;Northern Europe
Dalhousie, Nb, Canada;North America
All Other Lebanon Ports, Lebanon;Western Asia
Hound Point, United Kingdom;Western Europe
Lengua De Pajaro, Cuba;Caribbean
West End, Bahamas;Caribbean
Duncan Town, Bahamas;Caribbean
Bandar Abbas, Iran;Southern Asia
Jebel Dhanna, United Arab Emirates;Western Asia
Vassiliko, Cyprus;Western Asia
Military Naha, Japan;Eastern Asia
Gaspe, Que, Canada;North America
Dunedin, New Zealand;Australasia
Abo, Finland;Northern Europe
Barama, Guyana;South America
Priolo, Italy;Southern Europe
Boca Sec, Nb, Canada;North America
Buchanan, Liberia;Western Africa
Magadan, Russia;Eastern Europe
Alicante, Spain;Western Europe
Al Hudayah, Yemen;Western Asia
Balikpapan, Indonesia;South-Eastern Asia
Alofi, Niue;Polynesia
Zhenjiang, China;Eastern Asia
Owen Sound, Ont, Canada;North America
Moudi Terminal, Cameroon;Middle Africa
Newport, United Kingdom;Northern Europe
Bengkulu, Indonesia;South-Eastern Asia
Piombino, Italy;Western Europe
Veile, Denmark;Northern Europe
All Other Canary Islands Ports, Spain;Southern Europe
Kwinana, Australia;Australasia
All Other Martinique Ports, Martinique;Caribbean
Mitilini, Greece;Western Europe
All Other Bangladesh Ports, Bangladesh;Southern Asia
Berre, France;Western Europe
Natal, Brazil;South America
San Felix, Venezuela;South America
All Other Iran Ports, Iran;Western Asia
El Sauzal, Mexico;Central America
Bandar Abbas, Iran;Western Asia
Sidney, Bc, Canada;North America
La Pallice, France;Western Europe
Contrecoeur, Que, Canada;North America
Zuetina, Libya;Northern Africa
All Other Scotland East Coast Ports, United Kingdom;Western Europe
Su Ao, Taiwan;Eastern Asia
Sete, France;Western Europe
Gandia, Spain;Southern Europe
Banjarmasin, Indonesia;South-Eastern Asia
Baj Baj, India;Southern Asia
Male, Male Island, Maldives;Southern Asia
Apapa, Nigeria;Western Africa
Uno, Japan;Eastern Asia
Scarborough, Trinidad and Tobago;Caribbean
Porto Praia, Cape Verde;Western Africa
Kanado, Japan;Eastern Asia
Flotta, United Kingdom;Northern Europe
Tuktoyaktuk, Nwt, Canada;North America
Aguadulce, Costa Rica;Central America
Bordeaux, France;Western Europe
Huasco, Chile;South America
Baghdad, Iraq;Western Asia
Marina Di Carrara, Italy;Western Europe
Macapa, Brazil;South America
Inverness, United Kingdom;Northern Europe
Rizhao, China;Eastern Asia
Matane, Que, Canada;North America
Porto Empedocle, Italy;Southern Europe
Sur, Oman;Western Asia
Butuan, Philippines;South-Eastern Asia
Porto Empedocle, Italy;Western Europe
Santa Panagia, Italy;Western Europe
Tartous, Syria;Western Asia
Ensteadvaerket, Denmark;Northern Europe
All Other Georgia Ports, Georgia;Eastern Europe
Mollendo, Peru;South America
Akureyri, Iceland;Northern Europe
Pulau Sebarok, Singapore;South-Eastern Asia
Toyama, Japan;Eastern Asia
Chetumal, Mexico;North America
All Other Tanzania Ports, Tanzania;Eastern Africa
Larnaca, Cyprus;Western Asia
Hunterston, United Kingdom;Northern Europe
Money Point, Ireland;Northern Europe
Pilos, Greece;Southern Europe
Esbjerg, Denmark;Western Europe
Asnaes, Denmark;Western Europe
Almeria, Spain;Western Europe
Dumaguete, Philippines;South-Eastern Asia
Lae, Papua New Guinea;Melanesia
All Other Azores Ports, Portugal;Southern Europe
Hantsport, Ns, Canada;North America
Colorado Bar, Costa Rica;Central America
All Other Albania Ports, Albania;Southern Europe
Okpo, South Korea;Eastern Asia
Itacoatiara, Brazil;South America
Tsukumi, Japan;Eastern Asia
Volos, Greece;Western Europe
St. Louis Du Rhon, France;Western Europe
Churchill, Man, Canada;North America
Erith, United Kingdom;Northern Europe
Porto Torres, Italy;Western Europe
Svelgen, Norway;Northern Europe
Puerto Bello, Panama;Central America
Carbonear, Nfld, Canada;North America
Savona, Italy;Western Europe
All Tonga Islands Ports, Tonga;Polynesia
Durazzo, Albania;Southern Europe
Port Alma, Australia;Australasia
Cap Lopez, Gabon;Western Africa
Merak, Indonesia;South-Eastern Asia
Accra, Ghana;Western Africa
All Faroe Islands Ports, Svalbard and Jan Mayen Islands;Northern Europe
Marystown, Nfld, Canada;North America
Iggesund, Sweden;Northern Europe
Alleppey, India;Southern Asia
Treasure Cay, Bahamas;Caribbean
Corinth, Greece;Southern Europe
Mar Del Plata, Argentina;South America
Alligator Pond, Jamaica;Caribbean
El Ismailiya, Egypt;Northern Africa
Banjul, Gambia;Western Africa
All Guinea Bissau Ports, Guinea-Bissau;Western Africa
Funabashi, Japan;Eastern Asia
Dalrymple Bay, Australia;Australasia
Westernport, Australia;Australasia
Laayoune, Western Sahara;Northern Africa
Ashkelon, Israel;Western Asia
Rochefort, France;Western Europe
Cardiff, United Kingdom;Western Europe
Kanokawa, Japan;Eastern Asia
Pilos, Greece;Western Europe
Utila Bay, Honduras;Central America
Katang, Thailand;South-Eastern Asia
Botwood, Nfld, Canada;North America
Middlesbrough, United Kingdom;Western Europe
Corunna, Ont, Canada;North America
Bayonne, France;Western Europe
Santa Cruz De La Palma, Spain;Western Europe
Port Clements, Bc, Canada;North America
Itea, Greece;Southern Europe
Saint Catharines, Ont, Canada;North America
Summerside, Pei, Canada;North America
Aveiro, Portugal;Western Europe
Tripoli, Libya;Northern Africa
Aveiro, Portugal;Southern Europe
Seria, Brunei Darussalam;South-Eastern Asia
Toros Gubre, Turkey;Western Asia
San Nicolas, Argentina;South America
Nyborg, Denmark;Northern Europe
Kuala Tanjung, Indonesia;South-Eastern Asia
Brevik, Norway;Northern Europe
Duncan Bay, Bc, Canada;North America
Port Dickson, Malaysia;South-Eastern Asia
Kushiro, Japan;Eastern Asia
Tromso, Norway;Northern Europe
San Ciprian, Spain;Southern Europe
Ceuta, Spain;Western Europe
Supe, Peru;South America
Cruz Bay, St. John I., Virgin Islands (U.S.);Caribbean
Port Weller, Ont, Canada;North America
Cancun, Mexico;North America
Trelleborg, Sweden;Northern Europe
Vada, Italy;Western Europe
Vada, Italy;Southern Europe
Breves, Brazil;South America
All Other Sardinia Ports, Italy;Southern Europe
Santa Fe, Argentina;South America
Police, Poland;Eastern Europe
Kuala Terengganu, Malaysia;South-Eastern Asia
Yatsushiro, Japan;Eastern Asia
Bluff Harbor, New Zealand;Australasia
Launceston, Australia;Australasia
Aardal, Norway;Northern Europe
All Wallis And Futuna Ports, Wallis and Futuna Islands;Polynesia
Port Vila, Vanuatu;Melanesia
Niigata, Japan;Eastern Asia
Tainan, Taiwan;Eastern Asia
Moengo, Suriname;South America
Cockburn Harbor, Turks and Caicos Islands;Caribbean
Saint George, Nb, Canada;North America
Al Bakir, Iraq;Western Asia
Bar, Serbia;Southern Europe
Utansjo, Sweden;Northern Europe
Plymouth, Montserrat;Caribbean
El Ferrol, Spain;Western Europe
Aviles, Spain;Western Europe
Port Nelson, Bahamas;Caribbean
Newcastle On Tyne, United Kingdom;Western Europe
Nha Trang, Vietnam;South-Eastern Asia
Malongo Oil Terminal, Angola;Southern Africa
Lucina Terminal, Gabon;Middle Africa
Union Bay, Bc, Canada;North America
Coco Solo, Panama;Central America
Calica, Mexico;Central America
Sibuco Bay, Indonesia;South-Eastern Asia
Karatsu, Japan;Eastern Asia
Gresik, Indonesia;South-Eastern Asia
Corunna, Spain;Western Europe
Victoria, Malaysia;South-Eastern Asia
Odense, Denmark;Western Europe
Odense, Denmark;Northern Europe
Flotta, United Kingdom;Western Europe
Ridham Dock, United Kingdom;Northern Europe
Isabel, Philippines;South-Eastern Asia
Spitsbergen, Svalbard and Jan Mayen Islands;Northern Europe
Kasim, Indonesia;South-Eastern Asia
Dubrovnik, Croatia;Southern Europe
St. Romuald, Que, Canada;North America
Paradip, India;Southern Asia
Pontianak, Indonesia;South-Eastern Asia
Hadera, Israel;Western Asia
Dagenham, United Kingdom;Northern Europe
Praia, Portugal;Western Europe
Gove, Australia;Australasia
North Sydney, Ns, Canada;North America
Ishinomaki, Japan;Eastern Asia
Ayia Marina, Greece;Southern Europe
Conchan, Peru;South America
Grande Anse, Grenada;Caribbean
Cavala, Greece;Western Europe
Hemiksem, Belgium;Western Europe
All French Southern And Antartic Lands, French Southern Territories;Antarctica
Trincomali, Sri Lanka;Southern Asia
Cutuco, El Salvador;Central America
Bar, Serbia;Eastern Europe
Tembladora, Trinidad and Tobago;Caribbean
Ibiza, Spain;Southern Europe
Durazzo, Albania;Eastern Europe
Drogheda, Ireland;Northern Europe
Tegal, Indonesia;South-Eastern Asia
Nantes, France;Western Europe
Port Edward, Bc, Canada;North America
Cabinda, Angola;Southern Africa
Heraklion, Greece;Western Europe
Floro, Norway;Northern Europe
Dubrovnik, Croatia;Eastern Europe
Port Lucaya, Bahamas;Caribbean
Mariveles, Philippines;South-Eastern Asia
Cigading, Indonesia;South-Eastern Asia
Skaramanga, Greece;Western Europe
Nykobing, Denmark;Western Europe
Gazireh Ye Lavan, Iran;Western Asia
Souda Bay, Greece;Southern Europe
Haugesund, Norway;Northern Europe
Gizan, Saudi Arabia;Western Asia
Fort Baii, Netherlands Antilles;Caribbean
Crotone, Italy;Western Europe
Cape Beale, Bc, Canada;North America
Pitcairn Islands, Pitcairn;Polynesia
Milford Haven, United Kingdom;Western Europe
Miya Ko, Japan;Eastern Asia
Patras, Greece;Southern Europe
Esperance, Australia;Australasia
Figueira Da Foz, Portugal;Southern Europe
Munguba, Brazil;South America
Miike, Japan;Eastern Asia
All Other Wales Ports, United Kingdom;Western Europe
Nouadhibou, Mauritania;Western Africa
Marathon, Ont, Canada;North America
Skaramanga, Greece;Southern Europe
Dover, United Kingdom;Northern Europe
Dover, United Kingdom;Western Europe
Palamos, Spain;Southern Europe
Palamos, Spain;Western Europe
Gandia, Spain;Western Europe
Lorient, France;Western Europe
Oskarshamn, Sweden;Northern Europe
Hartlepool, United Kingdom;Western Europe
Ladysmith, Bc, Canada;North America
Sousee, Tunisia;Northern Africa
Hango, Finland;Northern Europe
Inga, Finland;Northern Europe
Kribi, Cameroon;Western Africa
All Other Labrador Ports, Canada;North America
Motril, Spain;Western Europe
All Colombia Amazon Region Ports, Colombia;South America
Parry Sound, Ont, Canada;North America
Abu Kir Bay, Egypt;Northern Africa
Benoa, Indonesia;South-Eastern Asia
Monte Carlo, Monaco;Western Europe
Taganrog, Russia;Eastern Europe
Ahvaz, Iran;Western Asia
Ahvaz, Iran;Southern Asia
Beauharnoi, Que, Canada;North America
All Other Azores Ports, Portugal;Western Europe
All Other Senegal Ports, Senegal;Western Africa
Nueva Palmira, Uruguay;South America
All Other Somalia Northern Region Ports, Somalia;Eastern Africa
Saipan, Northern Mariana Islands;Micronesia
